0.25	0.25	0.25	0.25	0.021467016667717134
0.25	0.25	0.25	0.25	0.03766053969138984
0.24999973695209604	0.24999669851576017	0.25	0.25	0.0621121042874641
0.24999960211307	0.24999500616652404	0.25	0.25	0.07464603862146106
0.24999949762997353	0.2499936948110972	0.25	0.25	0.08435824367780624
0.2499991154856114	0.249988898560795	0.25	0.25	0.11988039540215709
0.24999909205623108	0.24998860450131488	0.25	0.25	0.12205826870125822
0.24999895198369226	0.24998684646685676	0.25	0.25	0.13507868315498325
0.2499988076434721	0.24998503486921664	0.25	0.25	0.14849579906452826
0.24999862045437898	0.24998268548025943	0.25	0.25	0.16589592327391253
0.24999850755411182	0.24998126848188346	0.25	0.25	0.1763905447246024
0.2499984655898827	0.24998074179363008	0.25	0.25	0.18029132113719704
0.24999826035772865	0.24997816594827318	0.25	0.25	0.1993686344176414
0.24999817784085718	0.2499771302884312	0.25	0.25	0.20703897347925276
0.24999791801627919	0.249973869259788	0.25	0.25	0.23119091446263484
0.24999788858767313	0.24997349990471	0.25	0.25	0.2339264445737335
0.24999787902941867	0.24997337994014843	0.25	0.25	0.23481493018005103
0.24999780861295814	0.24997249615118391	0.25	0.25	0.24136047799583707
0.24999777545986487	0.24997208005049157	0.25	0.25	0.24444221706177285
0.24999746719962465	0.24996821111137632	0.25	0.25	0.2730964852097691
0.24999736960728608	0.24996698624106622	0.25	0.25	0.2821681612601454
0.24999786280385125	0.24996547414638237	0.25	0.25	0.288378682364836
0.24999840043424348	0.24996382582172777	0.25	0.25	0.2951487313334123
0.24999967670079565	0.2499599129074762	0.25	0.25	0.3112199713156132
0.25000284211105617	0.24995020805475607	0.25	0.25	0.351080036481995
0.25000466453440645	0.24994462067468445	0.25	0.25	0.3740286932196612
0.2500065046298141	0.2499389791137326	0.25	0.25	0.3971998833103346
0.250007110883833	0.24993712039543703	0.25	0.25	0.4048340674164268
0.2500106085075948	0.249926397007097	0.25	0.25	0.4488774929442101
0.25001283452994527	0.24991957223012182	0.25	0.25	0.4769084237395476
0.2500134281146509	0.24991775235475952	0.25	0.25	0.48438307097298133
0.2500134846383406	0.24991757905839695	0.25	0.25	0.4850948390444636
0.2500143446476216	0.24991494235012746	0.25	0.25	0.49592440714588404
0.2500148864751386	0.2499132811574797	0.25	0.25	0.5027473079257919
0.25001566296343264	0.24991090051676887	0.25	0.25	0.5125251475910001
0.2500176289676358	0.24990487293118951	0.25	0.25	0.5372818297290232
0.25001845789313903	0.2499023315228845	0.25	0.25	0.5477199789285734
0.250019399877741	0.2498994434859242	0.25	0.25	0.5595818118445407
0.25002325839327966	0.24988761363704556	0.25	0.25	0.6081697256241709
0.25002380401272434	0.24988594081870094	0.25	0.25	0.6150403758185592
0.25002489626998875	0.24988259205976887	0.25	0.25	0.628794499977631
0.25002552990879195	0.24988064938227786	0.25	0.25	0.6367735238353008
0.2500257895626609	0.24987985330772547	0.25	0.25	0.6400431853593677
0.25002760603370233	0.24987428417687782	0.25	0.25	0.6629168883313775
0.25002828397908966	0.24987220565953097	0.25	0.25	0.671453837761082
0.2500302476317419	0.24986618528358745	0.25	0.25	0.696180908264372
0.2500303092798137	0.2498659962763475	0.25	0.25	0.6969572045275703
0.25003074654200375	0.2498646556712425	0.25	0.25	0.7024633784375603
0.25003077037705485	0.24986458259519811	0.25	0.25	0.7027635185814018
0.25003081604014904	0.2498644425964089	0.25	0.25	0.7033385258506835
0.25003195396257366	0.24986095383235332	0.25	0.25	0.7176676832954328
0.2500329290240827	0.24985796438468	0.25	0.25	0.729946033364835
0.250034458187926	0.2498532761109136	0.25	0.25	0.7492018534412381
0.25003825641500327	0.24984163110083635	0.25	0.25	0.79703059169492
0.25003914678533273	0.24983890130842318	0.25	0.25	0.808242477811891
0.25003981903268907	0.24983684026070813	0.25	0.25	0.8167076754405178
0.2500436627670785	0.24982505572945482	0.25	0.25	0.8651094592962998
0.2500439723625216	0.24982410653869247	0.25	0.25	0.8690080043575981
0.25004477639271	0.2498216414571017	0.25	0.25	0.8791326621635331
0.25004610565142643	0.2498175660738154	0.25	0.25	0.8958711998884639
0.2500464200616586	0.24981660212135862	0.25	0.25	0.8998303746283596
0.25004701587074357	0.24981477542625663	0.25	0.25	0.9073330321033122
0.2500496191720589	0.24980679394715208	0.25	0.25	0.9401148049344706
0.2500500102721777	0.2498055948706536	0.25	0.25	0.9450396882631751
0.2500500733921492	0.24980540135070628	0.25	0.25	0.9458345192547987
0.2500503829289065	0.24980445233986903	0.25	0.25	0.9497323253223026
0.250050395423609	0.2498044140322762	0.25	0.25	0.9498896634282786
0.25005172565465905	0.24980033566790574	0.25	0.25	0.9666404451523418
0.25005316938344535	0.24979590933005824	0.25	0.25	0.9848204340854877
0.2500535697240193	0.24979468192318566	0.25	0.25	0.9898616767852213
0.25005443036311287	0.24979204328396962	0.25	0.25	1.0006991757287886
0.25005478224912153	0.24979096443427642	0.25	0.25	1.0051302598797682
0.2500558129845365	0.24978780429559855	0.25	0.25	1.0181096772153062
0.2500563044446729	0.24978629752464337	0.25	0.25	1.0242983325401733
0.2500567942064212	0.24978479596078784	0.25	0.25	1.0304656011076943
0.25005756041077526	0.24978244684967804	0.25	0.25	1.04011394144006
0.25005821245361237	0.24978044774713506	0.25	0.25	1.048324715980937
0.2500591740152744	0.24977749968873408	0.25	0.25	1.0604330707768181
0.25006099340227894	0.24977192161781536	0.25	0.25	1.0833434926795689
0.25006273367580373	0.24976658610144908	0.25	0.25	1.1052576871747017
0.2500663511205776	0.24975549535305813	0.25	0.25	1.150809945035403
0.2500710324682638	0.24974114277753504	0.25	0.25	1.209759278132353
0.2500732740535899	0.24973427028592762	0.25	0.25	1.2379861839110355
0.25007364327882414	0.24973289275146046	0.25	0.25	1.2406248104808157
0.250076020540138	0.2497240234784697	0.25	0.25	1.2576136408339986
0.25007682223280514	0.24972103246057947	0.25	0.25	1.2633428472270503
0.2500812194693707	0.24970462690546577	0.25	0.25	1.2947672033119855
0.25008172023626624	0.24970275860504978	0.25	0.25	1.2983458775561068
0.25008471796714615	0.24969157443553025	0.25	0.25	1.319768823811832
0.2500874335798372	0.24968836665673558	0.25	0.25	1.329119386763067
0.2500915259046163	0.2496835326564046	0.25	0.25	1.3432103285935517
0.2500926964816835	0.24968214992892435	0.25	0.25	1.3472409308189686
0.25009290449894556	0.24968190421149772	0.25	0.25	1.3479571885203117
0.2500970250229066	0.24967703690128493	0.25	0.25	1.3621452274908705
0.2501061057285618	0.24966631044712692	0.25	0.25	1.393412466059267
0.2501089944292308	0.24966289821062476	0.25	0.25	1.4033590160740976
0.2501094747731856	0.24966233081117284	0.25	0.25	1.4050129656240213
0.25011367667819967	0.2496573673707508	0.25	0.25	1.4194812207910852
0.25011499068276244	0.2496558152215852	0.25	0.25	1.4240056813015614
0.25011642047128946	0.24965412630426168	0.25	0.25	1.4289288162069964
0.2501185132554672	0.24965165423277322	0.25	0.25	1.4361348181018394
0.2501217381352977	0.24964784488942698	0.25	0.25	1.4472389206730194
0.2501228315057943	0.24964655336110808	0.25	0.25	1.45100368053404
0.2501237913338399	0.24964541957790645	0.25	0.25	1.454308618897443
0.25012630793931645	0.24964244687354809	0.25	0.25	1.4629739480916906
0.2501266214653452	0.24964183036635737	0.25	0.25	1.4645361878392595
0.25012928113324095	0.24963660048356479	0.25	0.25	1.4777888001311543
0.2501340708208076	0.2496271822006933	0.25	0.25	1.5016548897360553
0.2501344164678548	0.24962650253179647	0.25	0.25	1.5033771823253372
0.2501360671319671	0.24962325672059904	0.25	0.25	1.511602123318882
0.25013845512656085	0.24961856104718264	0.25	0.25	1.5235010399304088
0.2501437655245296	0.24960811885663584	0.25	0.25	1.5499617290668464
0.2501467460016416	0.249602258145234	0.25	0.25	1.564812871825333
0.25014811936525744	0.24959955760854144	0.25	0.25	1.571656077913482
0.250151374040488	0.2495931577230479	0.25	0.25	1.5878734970262496
0.25015372904116	0.24958852692778552	0.25	0.25	1.5996080112877302
0.25015609053955057	0.2495838833556248	0.25	0.25	1.6113749024277035
0.250157364375245	0.2495826168427974	0.25	0.25	1.615170916768708
0.25015752623428533	0.24958245591423203	0.25	0.25	1.6156532546722902
0.2501575648843352	0.2495824174863687	0.25	0.25	1.615768431334634
0.25016013215893984	0.24957765760525716	0.25	0.25	1.6252524826378236
0.2501609108772516	0.24957621381479678	0.25	0.25	1.628129231547404
0.2501634100874484	0.24957158012918013	0.25	0.25	1.637361838640181
0.25018146552311904	0.24953810426841574	0.25	0.25	1.7040624081436608
0.2501999181535918	0.2495038919846629	0.25	0.25	1.7722302986242384
0.25020629096269337	0.2494920764143243	0.25	0.25	1.7957727932038625
0.25020902965987163	0.24948699870547875	0.25	0.25	1.8058901154784277
0.25021830246905413	0.24946980636103733	0.25	0.25	1.8401458191155458
0.2502217243715553	0.2494634619485419	0.25	0.25	1.8527870452691804
0.25022524159319365	0.24945694080864864	0.25	0.25	1.8657804003244602
0.25022886994571397	0.24945021362543404	0.25	0.25	1.879184296186168
0.25023164946231014	0.2494450602349392	0.25	0.25	1.889452413959102
0.25023213924922527	0.24944415214061932	0.25	0.25	1.8912617896380393
0.25023356752295717	0.24944150403544735	0.25	0.25	1.8965381326219908
0.25023417880710763	0.24944037067796535	0.25	0.25	1.8987963445925078
0.25023569565770853	0.24943755834596498	0.25	0.25	1.9043999091244694
0.2502361630008107	0.24943669186382061	0.25	0.25	1.906126372646973
0.2502424921967128	0.2494249571549698	0.25	0.25	1.92950775091282
0.2502473427559473	0.2494159639271948	0.25	0.25	1.9474267349380092
0.25024804213736457	0.24941466723209574	0.25	0.25	1.9500103967052214
0.2502498339973887	0.24941134501612863	0.25	0.25	1.9566299037756687
0.25025035021022884	0.24941038792655865	0.25	0.25	1.9585369023688648
0.2502522694050051	0.24940682962432312	0.25	0.25	1.965626810743337
0.2502527064776006	0.2494060192655138	0.25	0.25	1.9672414486600065
0.25025309032285	0.24940530759339707	0.25	0.25	1.9686594535865947
0.25025631019615047	0.2493993377551582	0.25	0.25	1.9805543414635323
0.25026040344444705	0.2493917486272883	0.25	0.25	1.9956756599120942
0.25027263273329897	0.24936907479219933	0.25	0.25	2.0408532200622655
0.25027332408971886	0.2493677929759268	0.25	0.25	2.0434072358045223
0.2502733777920369	0.24936769340860784	0.25	0.25	2.0436056234404285
0.2502788164542875	0.24935760980256438	0.25	0.25	2.0636971834598006
0.25027993879639937	0.24935552891296686	0.25	0.25	2.0678433508191976
0.2502835928349699	0.2493487541062745	0.25	0.25	2.08134213634222
0.25028367917985134	0.24934850376590412	0.25	0.25	2.0818073493514464
0.250285452943885	0.2493433610783725	0.25	0.25	2.0913641185550356
0.2502915032877103	0.24932581927057737	0.25	0.25	2.123962445301592
0.2502918204088591	0.2493248998388227	0.25	0.25	2.1256710455273886
0.250294473431986	0.24931720790872555	0.25	0.25	2.1399651281867595
0.25029487775352444	0.24931603565621904	0.25	0.25	2.142143550769118
0.2502965345792523	0.24931123200880526	0.25	0.25	2.1510702742743915
0.250299016779815	0.2493040353458657	0.25	0.25	2.1644439910958466
0.2503117515142345	0.24926711343366395	0.25	0.25	2.233056791561877
0.25031335295568186	0.2492624703623154	0.25	0.25	2.2416851130379296
0.2503189019607409	0.24924638208981215	0.25	0.25	2.2715823032234512
0.25032901103789795	0.24921707276564908	0.25	0.25	2.3260484641201415
0.2503336524361111	0.24920766867067543	0.25	0.25	2.3485286702067083
0.2503341806753405	0.24920659838718454	0.25	0.25	2.3510871506892945
0.2503391048047485	0.2491966214409091	0.25	0.25	2.3749367405769815
0.2503428286462217	0.24918907643889193	0.25	0.25	2.392972840886932
0.25034494409357744	0.24918479025896695	0.25	0.25	2.4032188250361424
0.250350668959531	0.24917319091310902	0.25	0.25	2.430946712311437
0.2503518348580761	0.2491708286463643	0.25	0.25	2.4365936398894172
0.25035433092145776	0.24916577128734807	0.25	0.25	2.448683104453212
0.25035458475459776	0.24916525698737932	0.25	0.25	2.4499125230543584
0.2503615285942878	0.249151187837324	0.25	0.25	2.4835444029526283
0.25036334119334397	0.24914751526865161	0.25	0.25	2.492323567864698
0.250364928249173	0.24914429968079221	0.25	0.25	2.5000103338928397
0.2503679570492227	0.24914139383616854	0.25	0.25	2.5086599275561037
0.2503904735372796	0.24911979141451937	0.25	0.25	2.5729621162847387
0.25039062214806085	0.249119648836656	0.25	0.25	2.5733865163278837
0.25039098536398946	0.24911930036563248	0.25	0.25	2.5744237819587648
0.2503934419085225	0.24911617676534095	0.25	0.25	2.5858827576889283
0.25039442048892374	0.2491149324589644	0.25	0.25	2.590447514776563
0.25039631060086576	0.2491125291016738	0.25	0.25	2.5992642679758773
0.2504002112358587	0.2491075692792739	0.25	0.25	2.6174594527631947
0.2504019104743857	0.24910540862560496	0.25	0.25	2.6253858439922495
0.2504029254015116	0.24910411810283048	0.25	0.25	2.63012014664675
0.2504042249400262	0.2491024656846356	0.25	0.25	2.636182068219301
0.25040698708750203	0.24909495200871626	0.25	0.25	2.657418150769085
0.250410916766692	0.24908426237821718	0.25	0.25	2.6876305099581694
0.25041204099276926	0.24908120422492228	0.25	0.25	2.696273841999321
0.25041425320648736	0.24907518649520743	0.25	0.25	2.7132818958944402
0.25041655614632224	0.24906892196960465	0.25	0.25	2.730987474929817
0.2504182418804929	0.2490643363852522	0.25	0.25	2.743947822021369
0.2504196496510899	0.2490605069257004	0.25	0.25	2.754771115444749
0.25042583971567806	0.24904366852744614	0.25	0.25	2.802361884486744
0.25042676062575014	0.24904116344041044	0.25	0.25	2.8094420720880455
0.2504286335510385	0.2490360686531983	0.25	0.25	2.823841591440756
0.2504291423180123	0.24903468469010698	0.25	0.25	2.827753119535459
0.25042981713750345	0.24903284902600675	0.25	0.25	2.832941301030722
0.2504349447644794	0.24901890070222263	0.25	0.25	2.872363783247284
0.25043686347882144	0.24901368135826157	0.25	0.25	2.887115340328337
0.2504379407115449	0.24901075103768863	0.25	0.25	2.895397375679944
0.2504391977846543	0.2490073315099359	0.25	0.25	2.9050620690228444
0.25043941873878933	0.24900673046390986	0.25	0.25	2.9067608198289694
0.25044000664980454	0.24900513121083723	0.25	0.25	2.911280827164013
0.25044355193290624	0.24899816458660629	0.25	0.25	2.9298547516160562
0.25044713594104395	0.24899112186611827	0.25	0.25	2.948631558566521
0.2504477127913932	0.2489899883319249	0.25	0.25	2.9516537078562566
0.2504532360564301	0.24897913489344442	0.25	0.25	2.980590383597334
0.2504571977415709	0.24897135002241846	0.25	0.25	3.0013458602114924
0.25046571117037647	0.24895462079157718	0.25	0.25	3.0459481610512733
0.2504658932553283	0.24895426298730566	0.25	0.25	3.046902113681349
0.250466022968199	0.2489531653593204	0.25	0.25	3.0499350559109484
0.2504663277641103	0.24895058618178562	0.25	0.25	3.0570617842452097
0.25046670852300906	0.24894736420681376	0.25	0.25	3.065964676742616
0.2504711072849685	0.24894027868135324	0.25	0.25	3.0864153835714903
0.2504741591367208	0.2489353627587615	0.25	0.25	3.1006040407540363
0.25048489940637647	0.24891806233314184	0.25	0.25	3.1505376602624007
0.25048704300839686	0.24891460941915539	0.25	0.25	3.1605036863582145
0.250487901032712	0.24891322731364776	0.25	0.25	3.1644928096350373
0.25048905509068214	0.24891136835714914	0.25	0.25	3.1698582514181015
0.2504922666504943	0.24890619517682552	0.25	0.25	3.184789422685566
0.2504931211224309	0.24890481879348908	0.25	0.25	3.188762030257793
0.25050043497371793	0.248893037642341	0.25	0.25	3.2227655589414947
0.250505654195357	0.24888463052048526	0.25	0.25	3.247030743690903
0.25051480721652497	0.24886988683461997	0.25	0.25	3.2895849337630443
0.25052231488841076	0.2488577934772648	0.25	0.25	3.324489572413379
0.2505263880954774	0.24885123235560314	0.25	0.25	3.3434267107129996
0.250527546824627	0.24884936587476897	0.25	0.25	3.3488138697252516
0.250530460602803	0.24884467236108437	0.25	0.25	3.3623605957790303
0.2505322303417335	0.24884182166573732	0.25	0.25	3.370588459065375
0.25053382350627396	0.24883925539640558	0.25	0.25	3.3779953933908247
0.25053969940711956	0.2488297904957292	0.25	0.25	3.4053136085289237
0.2505402278690751	0.24882774836332017	0.25	0.25	3.414247804256861
0.25054033523890007	0.24882733345474053	0.25	0.25	3.4160630021564837
0.2505430736008858	0.24881675161871553	0.25	0.25	3.4623578426822834
0.25054386023484715	0.24881371183375142	0.25	0.25	3.4756567030893106
0.2505441646132154	0.24880987284089368	0.25	0.25	3.4894649727448557
0.25054458625398834	0.2488045548679856	0.25	0.25	3.50859290724657
0.2505446647446626	0.24880356489902195	0.25	0.25	3.512153674069361
0.25054478493159626	0.24880204903315198	0.25	0.25	3.5176060115624894
0.25054495164708374	0.24879994632273447	0.25	0.25	3.525169139061918
0.2505450075832801	0.248799240823656	0.25	0.25	3.5277067112528786
0.25054540443721346	0.24879423547644705	0.25	0.25	3.5457101789700225
0.2505455533517175	0.2487923572821426	0.25	0.25	3.552465756378518
0.2505457627083169	0.24878971675780273	0.25	0.25	3.561963318230844
0.25054605243134825	0.24878606260637776	0.25	0.25	3.575106741547329
0.25054630420181406	0.24878288713426508	0.25	0.25	3.5865284286512864
0.2505464122474542	0.24878152440128448	0.25	0.25	3.5914299705821344
0.2505464449806553	0.24878111155156085	0.25	0.25	3.592914927841084
0.25054646599365454	0.2487808465236801	0.25	0.25	3.5938681925589844
0.250546842891774	0.2487760928705309	0.25	0.25	3.610966355271231
0.250546954587324	0.24877468410281417	0.25	0.25	3.616033477101244
0.2505474207571327	0.24876880450441635	0.25	0.25	3.6371814925187804
0.2505480212386576	0.24876123089036875	0.25	0.25	3.664422622917139
0.25054832927118914	0.24875734580912762	0.25	0.25	3.678396665432727
0.2505483368465855	0.2487572502639261	0.25	0.25	3.678740326897076
0.25054858066965874	0.24875417502884217	0.25	0.25	3.689801476752398
0.25054877461675545	0.248753910237713	0.25	0.25	3.6905568067110077
0.2505522431115964	0.2487491747882997	0.25	0.25	3.7040649133488603
0.25055336109118237	0.248747648438682	0.25	0.25	3.7084189020842464
0.2505577235840458	0.2487416924360878	0.25	0.25	3.72540869780497
0.25055899566436984	0.2487399556965796	0.25	0.25	3.730362834240796
0.2505623142711501	0.24873542488559355	0.25	0.25	3.7432871995151387
0.25057117835282794	0.24872332297617603	0.25	0.25	3.7778085022819305
0.25057920676421797	0.24871236198653934	0.25	0.25	3.809075274228118
0.2505826625262064	0.24870764392097172	0.25	0.25	3.8225337925754626
0.25058627019423746	0.24870271846187658	0.25	0.25	3.836583911347803
0.2505936218903731	0.24869268137468215	0.25	0.25	3.865215205301664
0.25059703823421486	0.2486880171257261	0.25	0.25	3.8785202090689013
0.25059766300336433	0.24868689621221268	0.25	0.25	3.8810963516490053
0.25060095267807214	0.24868099412687789	0.25	0.25	3.8946608355813774
0.25061380835990077	0.24865792943570655	0.25	0.25	3.947669325810154
0.25061520684629807	0.24865542037727692	0.25	0.25	3.9534357762804158
0.2506180949699333	0.2486502387244794	0.25	0.25	3.9653445241429663
0.2506237064395523	0.24864017105047312	0.25	0.25	3.9884825837520452
0.250636142159036	0.24861785982395015	0.25	0.25	4.039759421770363
0.2506379102795043	0.2486146875960514	0.25	0.25	4.047050003305797
0.2506382332586031	0.24861410813140153	0.25	0.25	4.048381759538824
0.25063922363232755	0.24861233127783575	0.25	0.25	4.052465418157082
0.2506413950186577	0.24860843554085457	0.25	0.25	4.061418806440803
0.2506524955350295	0.24858851983468114	0.25	0.25	4.107190133195287
0.2506562061708066	0.24858186249286227	0.25	0.25	4.122490387429489
0.2506573361903362	0.24857983509736384	0.25	0.25	4.12714985473688
0.2506594011722988	0.24857613026304415	0.25	0.25	4.135664500451191
0.2506723582679265	0.24855288362291142	0.25	0.25	4.18909115538334
0.25067314871127805	0.24855146546928608	0.25	0.25	4.192350430872164
0.2506770683225215	0.24854443319950476	0.25	0.25	4.208512364332296
0.25068220576449446	0.24853521599001738	0.25	0.25	4.229695841510404
0.25068322194023923	0.24853339284441986	0.25	0.25	4.233885890918549
0.2506840702273922	0.24853187091182466	0.25	0.25	4.237383676711634
0.25068554832442536	0.24852921902201858	0.25	0.25	4.243478389787513
0.2506925969751931	0.2485165728663887	0.25	0.25	4.272542451914244
0.25069511634621694	0.24851205280161226	0.25	0.25	4.282930703278912
0.2507028103810414	0.2484982487467629	0.25	0.25	4.314655910486911
0.25070450529596566	0.24849520785870963	0.25	0.25	4.321644639859511
0.25070780608218934	0.24848928583793417	0.25	0.25	4.335254940473486
0.2507091317745078	0.24848690738113027	0.25	0.25	4.340721235396441
0.2507128792192525	0.24848018399944813	0.25	0.25	4.356173265928955
0.2507150190973462	0.24847634479215955	0.25	0.25	4.364996734690435
0.25072000756816826	0.2484673948554342	0.25	0.25	4.385565951504562
0.2507269474426378	0.24845410507124818	0.25	0.25	4.415721864508307
0.2507312173631002	0.2484459282199685	0.25	0.25	4.434275996944396
0.2507433826846878	0.24842343048636964	0.25	0.25	4.47766702715362
0.2507439790718552	0.24842232756775656	0.25	0.25	4.47979420919388
0.2507475861216762	0.24841565693062084	0.25	0.25	4.492659763681781
0.2507546434912091	0.24840260550255	0.25	0.25	4.517831850781461
0.25075749942356884	0.24839732393190317	0.25	0.25	4.528018334254623
0.25075955614947343	0.24839352036032034	0.25	0.25	4.535354223833409
0.2507597471597466	0.24839316711867288	0.25	0.25	4.536035515525685
0.2507622073773588	0.24838861735646262	0.25	0.25	4.544810571406011
0.2507720343271256	0.2483704440516018	0.25	0.25	4.579861142911436
0.2507755607458036	0.24836392252831901	0.25	0.25	4.592439103821596
0.25078077618086864	0.24835427745088726	0.25	0.25	4.611041415222135
0.25078126686817964	0.24835337000653215	0.25	0.25	4.612791589089763
0.25078891325461367	0.24833922928992652	0.25	0.25	4.640064570108882
0.25079332601740545	0.2483310686210112	0.25	0.25	4.655803925803384
0.25080233482511455	0.24831440833345342	0.25	0.25	4.687936364279367
0.25081792680688986	0.24828557356326403	0.25	0.25	4.74354953877389
0.2508181262286419	0.24828520476598895	0.25	0.25	4.744260832364165
0.25081821721012515	0.24828503651090766	0.25	0.25	4.744585343332459
0.2508193313378795	0.24828297611741695	0.25	0.25	4.74855919233398
0.2508205049361777	0.24828080574307257	0.25	0.25	4.752745159703919
0.2508209723695728	0.24827994130295708	0.25	0.25	4.754412391960921
0.2508236978073039	0.24827490106036484	0.25	0.25	4.764133429754396
0.25082620675798306	0.24827026117447396	0.25	0.25	4.773082305781144
0.250830391999325	0.24826171865054092	0.25	0.25	4.7940049530810365
0.250833436731945	0.24825550402654403	0.25	0.25	4.809226026736486
0.25083500388830154	0.24825230529328385	0.25	0.25	4.81706047570428
0.2508373108383798	0.24824759656213896	0.25	0.25	4.828593264110475
0.25084193470698446	0.24823815875318328	0.25	0.25	4.8517086746860105
0.2508425864964457	0.24823682838137978	0.25	0.25	4.854967067666869
0.2508441753677661	0.24823358532556242	0.25	0.25	4.862910072986198
0.25084435581603914	0.24823321701139237	0.25	0.25	4.8638121608861775
0.25085403179000193	0.2482134673165959	0.25	0.25	4.912183801603364
0.25085790884480524	0.24820555383425608	0.25	0.25	4.931565778312822
0.25086266646797567	0.24819584301796677	0.25	0.25	4.955349847963447
0.2508646392171057	0.2481934488136532	0.25	0.25	4.96066290342113
0.2508698504523953	0.24818712425782438	0.25	0.25	4.9746979277812144
0.2508788776962642	0.24817616844703158	0.25	0.25	4.999010318330567
0.25088276067346205	0.2481714559163733	0.25	0.25	5.009468046015616
0.2508832821781858	0.24817082299815774	0.25	0.25	5.010872575094609
0.25088399733837796	0.24816995505220815	0.25	0.25	5.012798661744089
0.2508969343313932	0.24815425421928936	0.25	0.25	5.0476408828348385
0.25090445461624	0.24814512731199787	0.25	0.25	5.0678946950605654
0.2509123023953409	0.24813560294506795	0.25	0.25	5.089030522697105
0.2509139278234931	0.24813363026286828	0.25	0.25	5.093408164934217
0.2509230727609044	0.24812253161466014	0.25	0.25	5.118037530565765
0.2509312934542051	0.2481125546646967	0.25	0.25	5.140177699704259
0.25094698892732387	0.24809350603409702	0.25	0.25	5.182449125829407
0.2509476890124481	0.24809256989645778	0.25	0.25	5.183976256348637
0.2509525970860986	0.24808600693386773	0.25	0.25	5.194682481638431
0.2509681816552859	0.24806516760833167	0.25	0.25	5.228677877927117
0.25097355427012186	0.2480579834720106	0.25	0.25	5.240397430021245
0.2509757481158977	0.24805504991217014	0.25	0.25	5.245182974982394
0.2509811849635552	0.24804777988520538	0.25	0.25	5.257042641326622
0.2509926433999544	0.24803245792901985	0.25	0.25	5.2820374988398315
0.25100043909450015	0.24802203370654272	0.25	0.25	5.2990426352823565
0.2510117157478242	0.24800695482648166	0.25	0.25	5.323640960327832
0.2510186756547473	0.2479976481998866	0.25	0.25	5.338822951638569
0.2510226977983212	0.24799226988250847	0.25	0.25	5.34759665356663
0.2510297042728239	0.24798290098682274	0.25	0.25	5.3628802250561245
0.25103458076317875	0.24797638025668525	0.25	0.25	5.3735175561315245
0.2510349526148849	0.2479758830251826	0.25	0.25	5.374328694762234
0.2510361054953841	0.24797434142003855	0.25	0.25	5.376843530364828
0.25103979978211716	0.24796940150524663	0.25	0.25	5.384902061851049
0.2510431532113385	0.24796491737723725	0.25	0.25	5.392217063885259
0.2510464320999953	0.24796053292314718	0.25	0.25	5.399369466876586
0.2510568030277035	0.24794666515843547	0.25	0.25	5.4219920875654
0.2510681268051719	0.24793152326505835	0.25	0.25	5.446693206851886
0.2510802305238545	0.2479153384523251	0.25	0.25	5.473095650720467
0.2510812589847778	0.24791396321816084	0.25	0.25	5.475339083710828
0.2510894242881523	0.24790304476330477	0.25	0.25	5.493150466284121
0.2510955032472409	0.2478949161197827	0.25	0.25	5.506410802245753
0.2510961858506077	0.24789400335834527	0.25	0.25	5.507899798937566
0.2510977538727999	0.24789190663532915	0.25	0.25	5.511320203773484
0.2510994948504963	0.2478895786402123	0.25	0.25	5.5151178850572675
0.2511086775245397	0.24787729978082373	0.25	0.25	5.535148508897023
0.25110985058004015	0.24787573119813452	0.25	0.25	5.537707353233836
0.25111619429850135	0.2478672485245018	0.25	0.25	5.551545221989874
0.25112578629506777	0.24785442232850066	0.25	0.25	5.572468721417925
0.25112644284727353	0.24785354440207338	0.25	0.25	5.57390089141575
0.2511333216778393	0.24784434618890852	0.25	0.25	5.588906026833714
0.2511341122243952	0.2478432890883348	0.25	0.25	5.590630485375253
0.251134642253536	0.24784258034562423	0.25	0.25	5.591786664315471
0.2511485122154644	0.24782403375326564	0.25	0.25	5.622041902468131
0.25114928788417745	0.2478229965469993	0.25	0.25	5.623733907230766
0.25116145128329026	0.24780673193097486	0.25	0.25	5.650266534991525
0.2511619392770156	0.24780607939704982	0.25	0.25	5.651331019988148
0.25116429215883956	0.24780293317788338	0.25	0.25	5.656463478195071
0.25117271052755547	0.24779167632990473	0.25	0.25	5.674826884790604
0.2511758834653562	0.24778743355084934	0.25	0.25	5.6817481719073
0.25118651682421905	0.2477732148692661	0.25	0.25	5.7049432467329355
0.25119075420724957	0.24776754873866386	0.25	0.25	5.7141864611984285
0.2512000482347084	0.24775512098006316	0.25	0.25	5.734459985784402
0.2512089739065732	0.24774318577804474	0.25	0.25	5.753929997983203
0.2512109730290355	0.24774051259771632	0.25	0.25	5.75829078329069
0.2512223824593526	0.2477252561713306	0.25	0.25	5.78317874139828
0.2512269166868281	0.24771919310720084	0.25	0.25	5.793069477423229
0.2512311577295258	0.2477135220829763	0.25	0.25	5.802320674902814
0.2512349942081888	0.2477083920324238	0.25	0.25	5.810689376721477
0.25123910745888917	0.24770289188870298	0.25	0.25	5.819661815158164
0.2512654245709398	0.24766770125503176	0.25	0.25	5.8770686412683855
0.2512657556768059	0.24766736928179653	0.25	0.25	5.877896228202224
0.25126599541287625	0.24766712891771053	0.25	0.25	5.8784954396922195
0.2512680439779495	0.24766507498619025	0.25	0.25	5.883615752743719
0.25127973839355194	0.24765334993574842	0.25	0.25	5.9128455144052605
0.251282347684691	0.24765073380927718	0.25	0.25	5.919367341634033
0.2512869284825917	0.2476461410114602	0.25	0.25	5.930816877498827
0.2512928029613463	0.24764025114384658	0.25	0.25	5.945499921074488
0.2513049583678695	0.24762806389486638	0.25	0.25	5.97588191258645
0.2513287099953682	0.24760425004730313	0.25	0.25	6.0352482319018605
0.25133007844065935	0.24760287801721537	0.25	0.25	6.038668610573745
0.2513326131629971	0.24760033665488687	0.25	0.25	6.045004055826292
0.2513411685739814	0.2475917588320395	0.25	0.25	6.066387990901718
0.2513437277331653	0.24758916000800485	0.25	0.25	6.072662890701438
0.25135024783307763	0.24758253885193648	0.25	0.25	6.08864977181905
0.2513557330838564	0.24757696858430733	0.25	0.25	6.102099266961738
0.251361676048768	0.24757093350835482	0.25	0.25	6.116671048806549
0.2513801158361959	0.24755220791947283	0.25	0.25	6.161884265384233
0.2513836854063506	0.24754858302393307	0.25	0.25	6.170636630297507
0.25138962745780474	0.2475425488755959	0.25	0.25	6.18520617240107
0.2513930617314076	0.24753906137359263	0.25	0.25	6.193626798549753
0.25140119229006463	0.24753080479800094	0.25	0.25	6.213562424754604
0.25140545456993496	0.2475264764563178	0.25	0.25	6.224013270982978
0.25140610788188716	0.24752581301857068	0.25	0.25	6.225615151422423
0.2514118558362404	0.2475199759756789	0.25	0.25	6.23970877945746
0.25141472642749835	0.2475170608926307	0.25	0.25	6.246747291411948
0.2514291878393319	0.24750237534087435	0.25	0.25	6.282205777460455
0.2514421221474581	0.2474892405616698	0.25	0.25	6.313919899810303
0.25145999951964787	0.24747108610499693	0.25	0.25	6.357754109061259
0.25146216395465876	0.24746888812303355	0.25	0.25	6.36306116963867
0.2514659029786491	0.24746509114726375	0.25	0.25	6.372229024860846
0.2514659175542906	0.24746507634571188	0.25	0.25	6.372264763430954
0.25148305336571225	0.24744767494338574	0.25	0.25	6.414280711612131
0.25148622838481305	0.2474457285745195	0.25	0.25	6.422330372870392
0.25148928376650553	0.24744385554648032	0.25	0.25	6.43007671607591
0.25150129553472217	0.24743649202174453	0.25	0.25	6.460530285703788
0.2515049458094262	0.2474342543088957	0.25	0.25	6.46978486778148
0.2515183634392936	0.24742602895458957	0.25	0.25	6.503802734097303
0.2515298532180421	0.24741898542290483	0.25	0.25	6.532932898017898
0.2515336985692152	0.24741662812313261	0.25	0.25	6.542682059638534
0.25154100824426145	0.24741214710318257	0.25	0.25	6.561214360126246
0.2515469390917636	0.2474085113401959	0.25	0.25	6.576250903797653
0.2515470086337579	0.24740846870915392	0.25	0.25	6.576427214389661
0.2515574661122844	0.24740205800421727	0.25	0.25	6.602940176069951
0.25156130961591694	0.24739970183703525	0.25	0.25	6.612684653600386
0.25156641638356897	0.24739657125632075	0.25	0.25	6.625631898457287
0.25157227150275463	0.24739298191675166	0.25	0.25	6.640476447285129
0.25157767930081215	0.2473896667966091	0.25	0.25	6.6541868978789145
0.2515792064918679	0.247388730588974	0.25	0.25	6.6580588023572975
0.2515815253116467	0.24738730909244736	0.25	0.25	6.663937731946517
0.251583777286161	0.24738592857379754	0.25	0.25	6.669647187992833
0.2515896268891122	0.24738234261582293	0.25	0.25	6.684477751450003
0.2515909642157451	0.247381522799992	0.25	0.25	6.687868290544329
0.25160926116018656	0.24737030629959383	0.25	0.25	6.734256737397205
0.25161358395070593	0.24736765631714802	0.25	0.25	6.745216356305472
0.2516141872915585	0.2473672864535932	0.25	0.25	6.746746013083037
0.25161519873398464	0.2473666664132137	0.25	0.25	6.749310334321431
0.25162173827799533	0.24736265750351652	0.25	0.25	6.765890113024542
0.2516230201937732	0.24736187165597356	0.25	0.25	6.769140168361512
0.25163009452702495	0.24735753490663331	0.25	0.25	6.787075804178713
0.2516425239009615	0.24734991537878515	0.25	0.25	6.818588134235479
0.25164846984484607	0.2473472175515463	0.25	0.25	6.828791529044924
0.2516527958323222	0.24734525474007774	0.25	0.25	6.836215036399903
0.25165449499243514	0.24734448378755533	0.25	0.25	6.839130839477314
0.25166298107086366	0.2473406334361259	0.25	0.25	6.853693171425083
0.25166305208839124	0.2473406012136522	0.25	0.25	6.853815039354969
0.25169178500944267	0.24732756435044445	0.25	0.25	6.903121481394745
0.25169666622201087	0.2473253496191115	0.25	0.25	6.9114977694910955
0.25170553772014037	0.24732132439287868	0.25	0.25	6.926721491699677
0.2517069987946662	0.24732066146589346	0.25	0.25	6.92922873369895
0.25171585679511743	0.24731664236390344	0.25	0.25	6.9444292935395495
0.2517188038847703	0.24731530519374256	0.25	0.25	6.94948657626044
0.2517524809180955	0.2473000250599922	0.25	0.25	7.007277243932182
0.25176108361886596	0.24729612179401514	0.25	0.25	7.022039702860946
0.25177677159939704	0.24728900375489118	0.25	0.25	7.048960686682714
0.2517810286601106	0.24728569462448877	0.25	0.25	7.056404959929218
0.25179811245107997	0.247272414923801	0.25	0.25	7.086279189267285
0.25180733307735675	0.24726524747734085	0.25	0.25	7.102403192688286
0.2518128218024519	0.24726098094033208	0.25	0.25	7.112001263313239
0.25181659890061875	0.24725804489802075	0.25	0.25	7.118606231558915
0.2518170873017152	0.2472576652504128	0.25	0.25	7.119460292954894
0.2518208286980191	0.2472547569601417	0.25	0.25	7.1260028297622515
0.25182967078327584	0.24724788376402992	0.25	0.25	7.141464882842871
0.2518324376102355	0.24724573303332004	0.25	0.25	7.146303201415124
0.2518493574896336	0.24723258074560575	0.25	0.25	7.17589080046841
0.2518527494002938	0.24722994412013968	0.25	0.25	7.181822195738837
0.25185566420747385	0.2472276783603336	0.25	0.25	7.186919285625361
0.25186013417719033	0.24722420372990614	0.25	0.25	7.1947358704035445
0.25187736447171255	0.24721081014797652	0.25	0.25	7.224866288824257
0.25188076307492874	0.24720816832020254	0.25	0.25	7.23080938729065
0.25188535540762	0.24720459857366864	0.25	0.25	7.238839946799483
0.2518873360205698	0.24720305898873704	0.25	0.25	7.242303421949535
0.2519086525149095	0.24718648909127977	0.25	0.25	7.279579331127449
0.25192017757698787	0.2471775303434771	0.25	0.25	7.299733075005562
0.2519309098894578	0.2471689818228616	0.25	0.25	7.316602387742985
0.25193725147114326	0.2471639306149393	0.25	0.25	7.326570241828576
0.2519626473214519	0.24714370226708612	0.25	0.25	7.3664880640396335
0.2519669196979465	0.24714029922616243	0.25	0.25	7.3732034905072235
0.2519693842759709	0.2471383361360913	0.25	0.25	7.377077374870541
0.25198102626020585	0.24712906304210372	0.25	0.25	7.395376532064649
0.25199457928729474	0.24711826776086343	0.25	0.25	7.416679513425078
0.2520125011123196	0.24710399263692148	0.25	0.25	7.444849478846424
0.2520162275996177	0.24710102440863138	0.25	0.25	7.450706863247085
0.25203617911754095	0.24708513259009232	0.25	0.25	7.482067149893193
0.25205594254352287	0.24706939059088084	0.25	0.25	7.513131788999238
0.2520574286621869	0.2470682068649996	0.25	0.25	7.515467706871373
0.2520586524135823	0.24706723212036177	0.25	0.25	7.517391229416922
0.25205934505082844	0.24706668041971064	0.25	0.25	7.518479933678151
0.2520605576517076	0.24706571455670184	0.25	0.25	7.5203859295679525
0.2520615294317785	0.2470649405127115	0.25	0.25	7.521913397387598
0.25206236035537016	0.2470642786639745	0.25	0.25	7.52321946352831
0.25206281501073113	0.24706391652107781	0.25	0.25	7.523934102008457
0.25206693612241077	0.24706063396587355	0.25	0.25	7.5304117667190225
0.2520775462326459	0.24705218278199947	0.25	0.25	7.54708899897777
0.25207955968329354	0.24705057902470878	0.25	0.25	7.5502537902332785
0.2520907230121052	0.24704168719019023	0.25	0.25	7.567800585058948
0.25209162413675384	0.2470409694247825	0.25	0.25	7.569216994947816
0.25209474176917207	0.2470384861626642	0.25	0.25	7.574117366271378
0.25210757100787906	0.2470282673946331	0.25	0.25	7.5942826792491
0.2521098501160036	0.24702645203537643	0.25	0.25	7.59786503746159
0.25211063891815905	0.24702582373728077	0.25	0.25	7.599104896092691
0.25212428774427154	0.24701495215003186	0.25	0.25	7.620558456714844
0.25213297584998695	0.247008031884616	0.25	0.25	7.634214634991427
0.2521338727323561	0.24700731749827629	0.25	0.25	7.635624376761068
0.2521968225960464	0.24695717656089625	0.25	0.25	7.734570520972159
0.25219768446660035	0.24695649006222983	0.25	0.25	7.735925230309404
0.252198226050748	0.24695605867866138	0.25	0.25	7.736776505594711
0.2522047624926595	0.24695085226032526	0.25	0.25	7.747050645776902
0.25220851790691756	0.2469478609910816	0.25	0.25	7.752953498284708
0.2522284139228767	0.24693201338106568	0.25	0.25	7.78422654557841
0.2522441669635187	0.24691946574111748	0.25	0.25	7.808987562358252
0.2522481265935702	0.24691631180954685	0.25	0.25	7.815211406273533
0.2522617059667741	0.2469054955430522	0.25	0.25	7.83655579910556
0.2522678087986404	0.24690063450456046	0.25	0.25	7.846148380352564
0.25227754060969043	0.24689288290511532	0.25	0.25	7.861445080347464
0.25228638970364986	0.24688583440905704	0.25	0.25	7.875354303906003
0.25230860014788314	0.24686814330651607	0.25	0.25	7.910265226492154
0.252343498572876	0.24684034595097548	0.25	0.25	7.965119429339607
0.25234994574920094	0.24683521063462316	0.25	0.25	7.975253259676961
0.25237449350273644	0.24681565781432002	0.25	0.25	8.013838022518241
0.2523774224331945	0.24681332485742263	0.25	0.25	8.018441787459027
0.25237788554796625	0.24681295597642103	0.25	0.25	8.0191697226491
0.2523859572003234	0.24680652672953043	0.25	0.25	8.03185694437343
0.25238763949059023	0.24680575778798303	0.25	0.25	8.034234478030351
0.2523957001350678	0.24680207342710897	0.25	0.25	8.045626360822574
0.25243611696525164	0.24678359969486624	0.25	0.25	8.102746333495837
0.25246106197213775	0.24677263084245743	0.25	0.25	8.13856012430318
0.25247765227344776	0.24676533573256557	0.25	0.25	8.162378982452308
0.2524830031665216	0.246762982830574	0.25	0.25	8.170061312068606
0.2524922332693139	0.24675892415720063	0.25	0.25	8.183313061087716
0.2524932053174922	0.24675792251820283	0.25	0.25	8.18503831397437
0.2524975784673112	0.2467534162421767	0.25	0.25	8.192800058214788
0.2524989817654784	0.24675197022519807	0.25	0.25	8.195290720990524
0.25250270951086806	0.2467481290008229	0.25	0.25	8.201906960430165
0.25251931094049684	0.24673102219510346	0.25	0.25	8.23137223286231
0.2525232531046168	0.24672644586160525	0.25	0.25	8.241386923096158
0.25252599270669723	0.24672326554429963	0.25	0.25	8.248346619690299
0.25252621520618346	0.2467230072516915	0.25	0.25	8.248911858316623
0.2525267458815696	0.2467223912074396	0.25	0.25	8.25025998828913
0.25253223077349524	0.24671602397008233	0.25	0.25	8.264193830698874
0.25253524159496726	0.24671252880277317	0.25	0.25	8.27184253417081
0.2525509836715165	0.2466942543245802	0.25	0.25	8.311833771338938
0.2525632782463204	0.24667998194199825	0.25	0.25	8.343066960640561
0.2525687560483538	0.24667362293507236	0.25	0.25	8.356982791858396
0.25257646796626565	0.24666467041376652	0.25	0.25	8.376574180406614
0.25258217963417146	0.24665803991935475	0.25	0.25	8.391084125465701
0.25258370737866837	0.24665626640914434	0.25	0.25	8.394965213981381
0.25258810050953534	0.24665116656262945	0.25	0.25	8.406125542027125
0.25259616060783074	0.24664180984974143	0.25	0.25	8.42660144947944
0.2526157613197597	0.24662509776372096	0.25	0.25	8.471343607236884
0.252619226968897	0.24662282490773493	0.25	0.25	8.483542620321241
0.25261993084525475	0.2466223632887049	0.25	0.25	8.486020250501907
0.25262291885228655	0.24662040368188967	0.25	0.25	8.496537973281614
0.25262753838040636	0.2466173740843384	0.25	0.25	8.512798616452756
0.25262756464497477	0.24661735685940328	0.25	0.25	8.512891067188844
0.2526303551407286	0.24661552678523047	0.25	0.25	8.522713554366463
0.2526322534981323	0.24661428179682637	0.25	0.25	8.52939573305473
0.2526394460104425	0.2466095647744125	0.25	0.25	8.554713227211558
0.25264342873403367	0.24660695280857398	0.25	0.25	8.568732331649345
0.2526452389309993	0.24660576563790368	0.25	0.25	8.575104187424293
0.2526463451315241	0.24660504016501678	0.25	0.25	8.578997990328654
0.2526475611567342	0.24660424266646214	0.25	0.25	8.58327837384731
0.2526479766195972	0.24660397019593275	0.25	0.25	8.584740794508232
0.25265047847288424	0.24660232942042595	0.25	0.25	8.593547266189209
0.2526559493813557	0.24659874146718083	0.25	0.25	8.612804750540231
0.2526593209410859	0.24659802389441735	0.25	0.25	8.621218068065003
0.25266210162237457	0.24659743207896206	0.25	0.25	8.62815692025483
0.25266576748675174	0.24659665186901705	0.25	0.25	8.637304639256145
0.2526679034935462	0.24659619726034304	0.25	0.25	8.642634784599768
0.2526717091735083	0.2465953872932934	0.25	0.25	8.652131396400023
0.25267996830576456	0.24659362949309663	0.25	0.25	8.672741057124405
0.2526830030095396	0.24659298361375634	0.25	0.25	8.680313791554905
0.2526861521890492	0.24659231337041965	0.25	0.25	8.68817218626745
0.25268815166484965	0.24659188781978716	0.25	0.25	8.693161635109702
0.25269736963623546	0.24658992594880447	0.25	0.25	8.716163962343815
0.25270294297279977	0.2465887397694571	0.25	0.25	8.730071546352534
0.2527099177353059	0.2465872553230861	0.25	0.25	8.74747621846866
0.25271426706315386	0.2465863296508593	0.25	0.25	8.758329437492726
0.2527168594589522	0.2465857779084119	0.25	0.25	8.764798446125798
0.2527552548369083	0.24657760617791621	0.25	0.25	8.860609445212278
0.2527597927716227	0.24657664036428273	0.25	0.25	8.871933309748004
0.2527612161175944	0.246576337431995	0.25	0.25	8.875485096625829
0.25276182494506183	0.24657620785457587	0.25	0.25	8.87700435157342
0.2527697622799969	0.2465745185428567	0.25	0.25	8.8968110061944
0.2527750272381593	0.2465733979960236	0.25	0.25	8.909949069381634
0.2527830428372373	0.24657169202726084	0.25	0.25	8.92995102265887
0.2527842564431275	0.2465714337341852	0.25	0.25	8.932979428655303
0.2527852377461071	0.24657122488239336	0.25	0.25	8.935428150972538
0.2527857428535221	0.24657111737982698	0.25	0.25	8.936688585135574
0.2527910176498148	0.2465699947391338	0.25	0.25	8.949851198181301
0.2527986257184392	0.24656837550552546	0.25	0.25	8.96883620874312
0.2528011773115095	0.24656783244716754	0.25	0.25	8.975203399127412
0.2528107128721098	0.2465658029833232	0.25	0.25	8.998998231646386
0.2528224566037994	0.24656330355199868	0.25	0.25	9.02830328673576
0.2528226567004692	0.24656326096520448	0.25	0.25	9.028802603655418
0.25282742160773214	0.24656224684475397	0.25	0.25	9.040692850599676
0.25284459499593515	0.24655859181366524	0.25	0.25	9.083546953593842
0.25284787896618777	0.24655789288266655	0.25	0.25	9.091741702223029
0.2528480334822321	0.24655785999684698	0.25	0.25	9.092127278231748
0.25285650821309064	0.2465560563105627	0.25	0.25	9.113274939064096
0.25286133811222117	0.2465550283578216	0.25	0.25	9.125327365314863
0.25286380446565515	0.24655450344110913	0.25	0.25	9.13148185054697
0.2528673710974438	0.24655374435094501	0.25	0.25	9.14038194668441
0.25287880050274664	0.24655131181805087	0.25	0.25	9.168902638479198
0.2528942817060707	0.24654985385749933	0.25	0.25	9.20733737931316
0.25289532724035574	0.24654975539307697	0.25	0.25	9.209933097387292
0.2529004892906731	0.24654926925091022	0.25	0.25	9.222748772110219
0.25290647643790387	0.24654870540427015	0.25	0.25	9.237612891347698
0.2529120927224731	0.24654817648405788	0.25	0.25	9.25155628045966
0.25291734072924804	0.24654768224684054	0.25	0.25	9.264585356821978
0.2529190519201991	0.24654752109341788	0.25	0.25	9.268833681667585
0.25292787554043034	0.24654669011859315	0.25	0.25	9.290739831319275
0.25292969759947154	0.24654651852403756	0.25	0.25	9.295263405202174
0.25293444875874893	0.24654607107801832	0.25	0.25	9.30705897248877
0.25293761401796544	0.24654577298600464	0.25	0.25	9.314917271040416
0.2529397470570147	0.2465455721045406	0.25	0.25	9.320212906097444
0.2529487018633163	0.24654472877511321	0.25	0.25	9.342444747654893
0.25296037269465493	0.24654362966082996	0.25	0.25	9.371419586911705
0.252962235913751	0.24654345418997772	0.25	0.25	9.376045347685968
0.25296377595756825	0.2465433091545379	0.25	0.25	9.379868770436103
0.2529659499344262	0.24654310441770752	0.25	0.25	9.385266040620252
0.2529715658295242	0.2465425755341742	0.25	0.25	9.399208462802969
0.25297249469800487	0.24654248805689133	0.25	0.25	9.401514538020608
0.25297265104355227	0.2465424733328653	0.25	0.25	9.401902692640645
0.2529762845253861	0.24654213114543533	0.25	0.25	9.410923434096372
0.252979745639585	0.24654180519093033	0.25	0.25	9.41951624335321
0.2529884515095221	0.24654098530537819	0.25	0.25	9.44113005771658
0.25299452480993645	0.2465404133451606	0.25	0.25	9.456208066999539
0.25300037625134	0.24653986227877658	0.25	0.25	9.470735273260061
0.25300270814070364	0.24653964267035006	0.25	0.25	9.476524588306752
0.25300307940155164	0.24653960770642255	0.25	0.25	9.477446306998509
0.2530071011801499	0.24653922895068758	0.25	0.25	9.487431061728465
0.25300864957557584	0.24653908312872516	0.25	0.25	9.491275218778647
0.25301248724818615	0.24653872171138838	0.25	0.25	9.500802898836502
0.253017502958581	0.24653824935095614	0.25	0.25	9.513255259618122
0.25301946068258047	0.24653806497999334	0.25	0.25	9.51811564501377
0.253024979783319	0.24653754521218277	0.25	0.25	9.531817758607973
0.2530531762164383	0.2465348897798936	0.25	0.25	9.601820236884091
0.25305712551042414	0.24653451785048236	0.25	0.25	9.611625036139413
0.2530609462582168	0.24653415802706022	0.25	0.25	9.621110697436455
0.2530663727754763	0.2465336469784078	0.25	0.25	9.634582956674501
0.25308289664384837	0.24653209082364766	0.25	0.25	9.67560629220991
0.25308559905912903	0.24653183632050663	0.25	0.25	9.682315501356294
0.25309121026169257	0.24653130787889824	0.25	0.25	9.69624627351796
0.2530928932059878	0.24653114938563764	0.25	0.25	9.70042447119882
0.2531075829582768	0.24652976596091924	0.25	0.25	9.736894299178065
0.25310822020982954	0.24652970594700394	0.25	0.25	9.738476385387012
0.25310913676166774	0.24652961962965536	0.25	0.25	9.740751882428526
0.2531153909725975	0.24652903063197698	0.25	0.25	9.756279033075302
0.2531287827403889	0.24652776944647697	0.25	0.25	9.789526392056162
0.2531295243805365	0.24652769960164284	0.25	0.25	9.791367640844552
0.25314858299683946	0.24652590473401176	0.25	0.25	9.838683922591162
0.2531544039909252	0.24652535653503976	0.25	0.25	9.853135538166347
0.2531738867704594	0.24652352172133696	0.25	0.25	9.901504877838862
0.2531772780781906	0.24652320234093825	0.25	0.25	9.909924380574545
0.253185614748134	0.24652159621924508	0.25	0.25	9.927847402275642
0.2531856634590751	0.24652158683471867	0.25	0.25	9.92795212601558
0.2531896807553571	0.24652081287260308	0.25	0.25	9.936588918515538
0.253191335614612	0.24652049405161502	0.25	0.25	9.94014670340326
0.2531956569439086	0.24651966151526972	0.25	0.25	9.949437137028047
0.253199297105317	0.2465189602110026	0.25	0.25	9.957263126585197
0.25320266033219346	0.24651831226024026	0.25	0.25	9.964493734094125
0.25321114513247933	0.2465166776001309	0.25	0.25	9.982735221484901
0.253213093025968	0.24651630232391036	0.25	0.25	9.98692300119867
0.2532138600687347	0.2465161545473958	0.25	0.25	9.988572067822009
0.25321487288291583	0.24651595942118373	0.25	0.25	9.990749518851135
0.253216111469573	0.24651572079821887	0.25	0.25	9.993412358532517
0.25321852394732314	0.24651525601637253	0.25	0.25	9.998598948785244
0.2532199700686264	0.24651497741030898	0.25	0.25	10.001707967575381
0.2532216966461845	0.2465146447722545	0.25	0.25	10.005419939771992
0.2532218075711079	0.24651462340174	0.25	0.25	10.005658417464314
0.253227401921956	0.24651354560829042	0.25	0.25	10.017685722411555
0.25322797823476356	0.2465134345773262	0.25	0.25	10.018924738352883
0.25323806359076273	0.24651149155821142	0.25	0.25	10.040607263349594
0.2532391586630716	0.246511280584357	0.25	0.25	10.042961561275446
0.2532488856068121	0.2465094066160392	0.25	0.25	10.063873535112775
0.2532585808526611	0.2465075387545568	0.25	0.25	10.084717361596244
0.2532646765851635	0.246506364366189	0.25	0.25	10.097822587863613
0.2532700312147145	0.24650480144588152	0.25	0.25	10.10844328213149
0.25327156991750915	0.24650435232613904	0.25	0.25	10.11149523778887
0.2532798332706041	0.24650194040160964	0.25	0.25	10.127885269258485
0.2532877921715541	0.24649961734119966	0.25	0.25	10.14367143203467
0.2533066904751641	0.24649410126539878	0.25	0.25	10.181155463919795
0.2533086707111657	0.24649352327003402	0.25	0.25	10.185083183092724
0.25331369210663746	0.24649205761477627	0.25	0.25	10.195042920847758
0.253315559655548	0.24649151251075185	0.25	0.25	10.198747129667442
0.25334231379593986	0.24648370345712278	0.25	0.25	10.251812900659633
0.25334677765837943	0.24648240053575535	0.25	0.25	10.260666793869815
0.2533633725823662	0.2464775567751454	0.25	0.25	10.293582164089726
0.25337193826519194	0.24647505660599114	0.25	0.25	10.310571854528924
0.2533868368061203	0.24647070798916398	0.25	0.25	10.340122516573809
0.25339809288299425	0.24646742254225093	0.25	0.25	10.362448496362928
0.253399952300918	0.2464668798115157	0.25	0.25	10.366136577694434
0.25340374686483874	0.24646577224637917	0.25	0.25	10.373662943972075
0.253419465091989	0.24646118437784845	0.25	0.25	10.404839420963668
0.25342382438397365	0.24645991197872089	0.25	0.25	10.413485902844949
0.2534403408571364	0.2464550911164991	0.25	0.25	10.44624566898273
0.2534457245046709	0.2464535197263628	0.25	0.25	10.456923919264097
0.25344702174354916	0.24645314108560584	0.25	0.25	10.459496940868535
0.25345650329174213	0.2464503735917809	0.25	0.25	10.478303213755328
0.25346495097816363	0.24644790786366028	0.25	0.25	10.495058863030184
0.25347650230211294	0.24644453623942247	0.25	0.25	10.517970453624098
0.25347656540978786	0.24644451781942428	0.25	0.25	10.518095625181672
0.2534803410937028	0.24644341576502274	0.25	0.25	10.525584543720525
0.2534827439034261	0.2464427144279693	0.25	0.25	10.530350421025785
0.2534888539537697	0.24644093101388423	0.25	0.25	10.54246946232306
0.25348931667824515	0.2464407959529108	0.25	0.25	10.543387257874985
0.2534906527244958	0.24644040598497802	0.25	0.25	10.54603725235551
0.2534945404314038	0.2464392712330744	0.25	0.25	10.553748364035577
0.25350156993659567	0.2464372194466135	0.25	0.25	10.567691107373136
0.2535092534409296	0.24643615892508466	0.25	0.25	10.590732583672434
0.25351770749812513	0.24643499204741112	0.25	0.25	10.616084812295956
0.2535202415902687	0.24643464227741588	0.25	0.25	10.623684108337022
0.2535249714486705	0.24643398943511302	0.25	0.25	10.6378681206739
0.2535259327277861	0.24643385675383206	0.25	0.25	10.640750827443732
0.25353347265066656	0.24643281605024253	0.25	0.25	10.663361728251234
0.253539552710788	0.2464319768453205	0.25	0.25	10.681594757751432
0.25354653979695707	0.24643101244743848	0.25	0.25	10.702547798625561
0.2535488153813226	0.24643069835817588	0.25	0.25	10.709371875368031
0.2535496750405163	0.24643057970306192	0.25	0.25	10.711949841889032
0.25355453020359675	0.2464299095654855	0.25	0.25	10.726509620889027
0.25356395815438076	0.24642860826540877	0.25	0.25	10.754782384864813
0.2535685564522952	0.2464279735818422	0.25	0.25	10.768571870470291
0.2535685702726961	0.24642797167427086	0.25	0.25	10.768613315418452
0.2535742095758034	0.24642719330517088	0.25	0.25	10.785524592258424
0.2535814736732936	0.24642619067259058	0.25	0.25	10.807308341298107
0.253584341015558	0.246425794905494	0.25	0.25	10.815906995760471
0.25358571935834623	0.24642560465868243	0.25	0.25	10.820040403032364
0.25359354896536346	0.24642452397121964	0.25	0.25	10.843520015547572
0.25359436453878864	0.2464244114010774	0.25	0.25	10.845965776613133
0.25359641393121735	0.24642313363915422	0.25	0.25	10.850738969056488
0.2535989024424423	0.24642158209400156	0.25	0.25	10.856534902918565
0.25360887537808385	0.2464153641353292	0.25	0.25	10.879762636355933
0.25361558339710016	0.24641118179759874	0.25	0.25	10.89538612809439
0.2536161650804511	0.24641081912775242	0.25	0.25	10.896740913315687
0.2536173875541439	0.24641005693583892	0.25	0.25	10.899588148482078
0.2536202844739489	0.24640825075476327	0.25	0.25	10.906335297309436
0.25362180600906004	0.24640730210305434	0.25	0.25	10.90987906949922
0.2536279724314186	0.24640345744178707	0.25	0.25	10.924241141005119
0.2536321445681353	0.2464008561842825	0.25	0.25	10.93395836800869
0.25363437810673417	0.24639946361030027	0.25	0.25	10.939160451032327
0.25363780208595105	0.2463973288164912	0.25	0.25	10.947135161729767
0.2536408133581117	0.24639545133863316	0.25	0.25	10.954148645980588
0.2536530569716449	0.24638781765025028	0.25	0.25	10.982664962708386
0.2536606668810683	0.24638307299892634	0.25	0.25	11.000389026506891
0.25366120075329535	0.2463827401385166	0.25	0.25	11.0016324559468
0.2536636158293655	0.24638123437895548	0.25	0.25	11.00725735369051
0.25366534012376385	0.2463801593102201	0.25	0.25	11.011273367840534
0.25366705731671485	0.24637908866911845	0.25	0.25	11.015272842173838
0.2536680489220372	0.2463784704197749	0.25	0.25	11.017582367165344
0.25367145292200166	0.2463763480826958	0.25	0.25	11.025510544648576
0.25367171058413435	0.24637618743466294	0.25	0.25	11.026110659554561
0.2536771779158546	0.2463727786447232	0.25	0.25	11.038844495245067
0.25368253362821674	0.2463694394475875	0.25	0.25	11.051318360873635
0.2536862293671972	0.24636713521610837	0.25	0.25	11.05992602094269
0.2536871437718809	0.2463665651000726	0.25	0.25	11.062055739714575
0.2536988196994662	0.2463592853543892	0.25	0.25	11.089249872248345
0.2537079966884852	0.24635356365513153	0.25	0.25	11.11062378484064
0.25371858184031587	0.24634696398989858	0.25	0.25	11.135277416825716
0.2537245201739257	0.24634515993615497	0.25	0.25	11.147323515196145
0.253730035040064	0.246343484530973	0.25	0.25	11.15851059634818
0.25374089562522645	0.24634018510716024	0.25	0.25	11.180541638358193
0.25375025545168955	0.2463373416108059	0.25	0.25	11.199528343671943
0.2537624006121352	0.24633365193561949	0.25	0.25	11.224165187450863
0.25376348409770594	0.24633332277489384	0.25	0.25	11.226363072350203
0.2537650980806181	0.24633283245014853	0.25	0.25	11.22963708795881
0.25377560187738574	0.2463296414179287	0.25	0.25	11.250944373375848
0.25377902448199985	0.24632860163756728	0.25	0.25	11.257887235561428
0.25379985343240247	0.24632227384455016	0.25	0.25	11.300139423125898
0.25380161689278796	0.24632184999548365	0.25	0.25	11.303395570842662
0.2538029413542757	0.24632153166014148	0.25	0.25	11.305841127479352
0.2538043213155599	0.24632119998538035	0.25	0.25	11.308389161913018
0.2538064030645202	0.24632069963540892	0.25	0.25	11.31223301470351
0.253810828614954	0.24631963595094195	0.25	0.25	11.320404588082157
0.25381105311893726	0.24631958199123608	0.25	0.25	11.3208191242625
0.25381778579160935	0.24631796378815612	0.25	0.25	11.333250691724361
0.25381990895652246	0.2463174534838284	0.25	0.25	11.337171017148659
0.25382987749671193	0.2463150575374899	0.25	0.25	11.355577463726005
0.2538431937185838	0.2463118569732718	0.25	0.25	11.380165249082635
0.25384375785269947	0.24631172138320112	0.25	0.25	11.381206896531971
0.25384484923249845	0.246311459069223	0.25	0.25	11.383222078653265
0.25385385686654266	0.24630929407741908	0.25	0.25	11.399854256652425
0.2538573868678492	0.24630844563887697	0.25	0.25	11.406372240151729
0.2538657409252166	0.24630643773473243	0.25	0.25	11.421797619165574
0.2538657712665768	0.24630643044216308	0.25	0.25	11.421853643078263
0.2538683047450369	0.24630582151865724	0.25	0.25	11.426531593414559
0.25387323945343065	0.2463046354576811	0.25	0.25	11.435643303323765
0.25387608630513514	0.2463039512146738	0.25	0.25	11.440899882804471
0.25387952135295133	0.24630312559827647	0.25	0.25	11.447242539092949
0.25387958691477513	0.24630310984044146	0.25	0.25	11.447363595956283
0.25388670925535745	0.24630139798037815	0.25	0.25	11.460514667120416
0.2538869883761599	0.24630133089347755	0.25	0.25	11.461030050721376
0.25388982898477597	0.24630064815100136	0.25	0.25	11.466275102629181
0.25388986930183616	0.24630063846076478	0.25	0.25	11.466349546208702
0.25389258994832464	0.24629998455127866	0.25	0.25	11.471373093618297
0.25390156067912706	0.24629782842919745	0.25	0.25	11.487937131495043
0.253903438067594	0.2462975028194901	0.25	0.25	11.491731337198113
0.2539290514650803	0.2462930604938836	0.25	0.25	11.543496062787307
0.25393365660698763	0.24629226178922806	0.25	0.25	11.552803063440395
0.25393403658770014	0.24629219588629386	0.25	0.25	11.553571005191275
0.25393482642420934	0.24629205889896325	0.25	0.25	11.555167266295653
0.2539414235162513	0.24629091471530226	0.25	0.25	11.568500002002521
0.2539522902418929	0.24628903001673377	0.25	0.25	11.590461675427198
0.25395718187543975	0.24628818162366237	0.25	0.25	11.600347676234783
0.253959437859653	0.246287790351226	0.25	0.25	11.604907024669359
0.25396693904007434	0.24628648936466682	0.25	0.25	11.620066924729949
0.25399048436076693	0.2462824057212891	0.25	0.25	11.667652063141052
0.2540112454768521	0.2462788049636132	0.25	0.25	11.70961031868485
0.2540142395414057	0.24627828568031074	0.25	0.25	11.715661328906936
0.2540159457470931	0.24627798976012993	0.25	0.25	11.719109573883198
0.25401695466798213	0.24627781477533525	0.25	0.25	11.721148604940723
0.25402105380590007	0.24627710383078574	0.25	0.25	11.729432970557914
0.25403440047300135	0.24627478901717864	0.25	0.25	11.75640661044301
0.2540461452609135	0.24627275202961724	0.25	0.25	11.780142849405541
0.2540755960749064	0.24626764415178876	0.25	0.25	11.839663001136161
0.2540788514297737	0.2462670795509273	0.25	0.25	11.846242079584991
0.2540821362074504	0.24626650984704507	0.25	0.25	11.852880621588167
0.2540890167457779	0.246265316503147	0.25	0.25	11.866786202783224
0.2540934510772535	0.24626454742343892	0.25	0.25	11.875747995225247
0.25409949688062766	0.24626349885394885	0.25	0.25	11.887966575474032
0.2541092138120653	0.2462618135729015	0.25	0.25	11.907604512600761
0.2541283632515992	0.24625849234050204	0.25	0.25	11.946305566734306
0.2541362137814379	0.24625713076362626	0.25	0.25	11.962171502639498
0.2541410298773754	0.24625629547161482	0.25	0.25	11.97190484179337
0.25414248451226246	0.24625604318326416	0.25	0.25	11.974844661698175
0.2541766267599543	0.24625012163454085	0.25	0.25	12.04384620995871
0.25418078257197807	0.24624940086057173	0.25	0.25	12.052245114052852
0.25419006189316323	0.24624779147758638	0.25	0.25	12.070998640017589
0.2541901006162099	0.24624778476155498	0.25	0.25	12.071076899369327
0.25420089111622796	0.24624591328337397	0.25	0.25	12.092884520662274
0.2542033461959374	0.2462454874802971	0.25	0.25	12.097846241477582
0.25421421377608955	0.24624360263352438	0.25	0.25	12.119809641869809
0.2542234190513938	0.24624200609287722	0.25	0.25	12.138413520966772
0.25422916549799446	0.2462410094431007	0.25	0.25	12.150027100600528
0.25424268936413585	0.24623866389652138	0.25	0.25	12.177358860086517
0.25424601565888066	0.24623808699201943	0.25	0.25	12.18408130816422
0.2542484190209869	0.24623639323157814	0.25	0.25	12.190303212663416
0.2542507743575444	0.2462347333169624	0.25	0.25	12.196400787009924
0.25425493665718507	0.24623179995188274	0.25	0.25	12.207176288044252
0.25426060121247146	0.24622780787776427	0.25	0.25	12.22184087892348
0.25426788551948776	0.24622267428968178	0.25	0.25	12.240698737454647
0.254281264570848	0.24621324545335405	0.25	0.25	12.275334874738205
0.2542881411300048	0.2462083992240481	0.25	0.25	12.293137141922985
0.254288344723222	0.24620825574249097	0.25	0.25	12.293664210878044
0.25429208239794177	0.24620562163023366	0.25	0.25	12.303340428662901
0.25429500243459396	0.24620356374534158	0.25	0.25	12.310899917571
0.25430047210054235	0.24619970901875401	0.25	0.25	12.325059972389697
0.25430509238696897	0.2461964528892026	0.25	0.25	12.33702112498959
0.2543060953838243	0.2461957460309261	0.25	0.25	12.33961771691834
0.25431469495076886	0.2461896855183362	0.25	0.25	12.361880564503753
0.2543157211198544	0.2461889623295172	0.25	0.25	12.364537145479996
0.25431636041040395	0.2461885117918972	0.25	0.25	12.36619216231502
0.25434443071892865	0.24616872934711678	0.25	0.25	12.438861519317602
0.2543475759962682	0.24616651272469406	0.25	0.25	12.447004118878228
0.2543565578195837	0.24616018281835872	0.25	0.25	12.470256564588658
0.2543629777405084	0.24615565840313627	0.25	0.25	12.486876671389263
0.2543668378235477	0.24615293802407437	0.25	0.25	12.496869783940653
0.2543705946258936	0.2461503433494698	0.25	0.25	12.5077131104995
0.2543709149956466	0.2461501220827686	0.25	0.25	12.508637799511945
0.25437391875149795	0.24614804750755595	0.25	0.25	12.517307594353294
0.2543767016711895	0.24614612545513337	0.25	0.25	12.525339985792563
0.25438267553147115	0.24614199954641186	0.25	0.25	12.542582446770322
0.2543912637131408	0.24613606802943927	0.25	0.25	12.567370670854359
0.25439487654743137	0.24613357278786915	0.25	0.25	12.57779845981116
0.2544182716684819	0.24611741470424617	0.25	0.25	12.645324220837555
0.2544212578812532	0.24611535224534417	0.25	0.25	12.653943380769688
0.25442815689815607	0.24611058736758218	0.25	0.25	12.673856138036157
0.2544433191580526	0.24610728831532397	0.25	0.25	12.70919182478631
0.2544445961959804	0.24610701045338992	0.25	0.25	12.712167965051142
0.254445582780941	0.2461067957891272	0.25	0.25	12.714467203908434
0.25444578664675416	0.24610675143136154	0.25	0.25	12.714942313724746
0.2544509223867355	0.24610563398088262	0.25	0.25	12.726911169320706
0.254453848085064	0.24610405405119035	0.25	0.25	12.732388981296966
0.25445650553926064	0.24610261897815147	0.25	0.25	12.737364557310029
0.2544734790779397	0.24609345296213378	0.25	0.25	12.769144270396138
0.25448312051003746	0.24608824641547827	0.25	0.25	12.787196012675691
0.25448913278574276	0.24608499967851555	0.25	0.25	12.798452851954861
0.25451728600654855	0.24606979643317378	0.25	0.25	12.85116438704338
0.2545253712505619	0.24606543025605923	0.25	0.25	12.866302464013263
0.2545326478296079	0.24606150077256433	0.25	0.25	12.879926470103086
0.2545326920659475	0.2460614768841457	0.25	0.25	12.880009294209914
0.25453467434914023	0.24606040641558635	0.25	0.25	12.883720741322568
0.2545350561877334	0.24606020021588176	0.25	0.25	12.884435661243877
0.254536391096919	0.24605947934092406	0.25	0.25	12.886935024029414
0.25453863193612347	0.24605826924747037	0.25	0.25	12.891130567948537
0.2545444776950815	0.24605511243254463	0.25	0.25	12.902075636385318
0.2545515829113672	0.24605127548802083	0.25	0.25	12.915378798397882
0.25457682235570983	0.24603764573434972	0.25	0.25	12.962634842928646
0.25458768552591576	0.2460317794271528	0.25	0.25	12.982974056741229
0.2546214742084497	0.24601353293116987	0.25	0.25	13.046236918822636
0.2546355543163952	0.24601147753862698	0.25	0.25	13.077987676969157
0.25464807269764056	0.2460096501245503	0.25	0.25	13.106216728681586
0.2546612487321816	0.24600772670725513	0.25	0.25	13.135928793934418
0.2546623139415293	0.2460075712096298	0.25	0.25	13.13833084969313
0.25467310611465954	0.2460059957847638	0.25	0.25	13.162667288040154
0.254674562567667	0.2460057831739896	0.25	0.25	13.165951601439701
0.2546786074119875	0.24600519271382512	0.25	0.25	13.175072758341146
0.2546814963100595	0.24600477099691945	0.25	0.25	13.181587247033185
0.2546846333851587	0.24600431305151232	0.25	0.25	13.18866137694385
0.2546852015158288	0.24600423011666928	0.25	0.25	13.189942516234265
0.25470631949718786	0.24600114734616962	0.25	0.25	13.237563736275456
0.2547298695069389	0.24599770955189884	0.25	0.25	13.290669200157515
0.25474171844371846	0.24599597986229757	0.25	0.25	13.31738864914469
0.2547458085322398	0.2459953827974541	0.25	0.25	13.326611832087845
0.25474979088296923	0.2459948014600081	0.25	0.25	13.335592065432161
0.254752297173782	0.24599443559552278	0.25	0.25	13.341243771637043
0.25476587197387757	0.2459924539670441	0.25	0.25	13.371855056464565
0.2547714303427753	0.24599164256488532	0.25	0.25	13.384389223620321
0.2547763665621223	0.24599092198316283	0.25	0.25	13.395520438469937
0.2547778429962272	0.24599070645557874	0.25	0.25	13.398849809406912
0.2547901190764515	0.24598891441223314	0.25	0.25	13.426532470342444
0.2547926100258993	0.2459885507872567	0.25	0.25	13.432149581644373
0.25479491562367085	0.24598821421963343	0.25	0.25	13.437348723406007
0.25479971054889766	0.24598751426380971	0.25	0.25	13.448161318863106
0.2547999066119293	0.24598748564282935	0.25	0.25	13.448603442597074
0.254803710995354	0.2459869302847773	0.25	0.25	13.457182358219143
0.25481006988301425	0.24598600202411847	0.25	0.25	13.471521701707381
0.2548207261550612	0.24598444643788397	0.25	0.25	13.495551682004162
0.2548227168806697	0.2459841558348157	0.25	0.25	13.500040784472526
0.2548256095880195	0.24598375861112165	0.25	0.25	13.507785131128465
0.254826236887822	0.24598367247093714	0.25	0.25	13.509464536108158
0.2548306757614975	0.24598306292922223	0.25	0.25	13.521348274194349
0.2548334380723854	0.24598268361144054	0.25	0.25	13.528743523869052
0.25483755466204455	0.24598211832544598	0.25	0.25	13.539764444240774
0.2548428343302125	0.24598139332666824	0.25	0.25	13.553899154592274
0.25484695080824527	0.24598082805600208	0.25	0.25	13.564919776118302
0.25485762213986607	0.24597936267936552	0.25	0.25	13.59348903023188
0.2548698801499674	0.2459776794216193	0.25	0.25	13.626306134784077
0.2548712866094826	0.2459774862879986	0.25	0.25	13.630071503598122
0.2548732750275044	0.245977213240415	0.25	0.25	13.635394889822766
0.2548801468648568	0.24597731700297293	0.25	0.25	13.662187306212495
0.2548815545013485	0.24597733825783616	0.25	0.25	13.667675501155962
0.2548825814403578	0.2459773537642885	0.25	0.25	13.671679405226046
0.2548862096718057	0.24597740854942915	0.25	0.25	13.685825416361876
0.25488939250226933	0.24597720373536058	0.25	0.25	13.696831709456632
0.25488979397911216	0.24597717790046095	0.25	0.25	13.698220024622524
0.25489174901285655	0.24597705209469783	0.25	0.25	13.704980571452417
0.25489485417320057	0.24597685227867533	0.25	0.25	13.715718279678677
0.2548997377065048	0.24597653802495167	0.25	0.25	13.732605638115807
0.2549051406135683	0.2459761903497015	0.25	0.25	13.751289001676469
0.25491638064083244	0.24597546705773202	0.25	0.25	13.790157246741675
0.25492048299628284	0.2459752030725402	0.25	0.25	13.804343276120752
0.25492671453829563	0.24597480207491007	0.25	0.25	13.825892076350115
0.25493280822448244	0.24597440994825592	0.25	0.25	13.84696416830265
0.25493565856742706	0.24597422652964726	0.25	0.25	13.856820712729787
0.2549393186222938	0.24597399100634906	0.25	0.25	13.86947725760909
0.25495171351182727	0.24597319339938142	0.25	0.25	13.912339040113835
0.2549617026398983	0.2459725506023538	0.25	0.25	13.946881650085208
0.2549627056765401	0.24597248605728364	0.25	0.25	13.950350171387463
0.25497902787553534	0.2459714357292746	0.25	0.25	14.006792670648434
0.25498183686791087	0.24597125497156114	0.25	0.25	14.016506223958679
0.25498422897831996	0.24597110104006184	0.25	0.25	14.024778190869206
0.2549875255843623	0.2459708889045731	0.25	0.25	14.036177922251042
0.2549898063449603	0.24597074213839665	0.25	0.25	14.04406483922883
0.25499825393658737	0.24597019853872007	0.25	0.25	14.073276784525337
0.25500010270735596	0.24597007957094366	0.25	0.25	14.079669871803068
0.2550015049519926	0.24596998933697348	0.25	0.25	14.084518862548189
0.2550060729282506	0.2459696953892395	0.25	0.25	14.100315018240389
0.2550106890490112	0.24596939834342296	0.25	0.25	14.11627765861094
0.2550149683638514	0.245969122970954	0.25	0.25	14.131075617193371
0.2550161252555339	0.2459690485253638	0.25	0.25	14.135076172385281
0.2550233277084996	0.24596858504994082	0.25	0.25	14.159982402624944
0.25503263032945894	0.24596798642941464	0.25	0.25	14.192151056908271
0.2550366721391387	0.2459677263403228	0.25	0.25	14.206127717769341
0.25504140637239153	0.24596742169400718	0.25	0.25	14.222498793563163
0.25504263379011327	0.2459665182710884	0.25	0.25	14.231635984685377
0.2550447043553614	0.24596499426172558	0.25	0.25	14.247049767677215
0.2550448399026133	0.2459648944941471	0.25	0.25	14.248058813843183
0.2550466627865993	0.24596355278696616	0.25	0.25	14.261628798273854
0.25504758431344055	0.2459628745105702	0.25	0.25	14.268488864511468
0.255051006606144	0.2459603555819216	0.25	0.25	14.293965230017049
0.2550561287451217	0.245956585506206	0.25	0.25	14.33209565779581
0.2550736440622369	0.24594369361241028	0.25	0.25	14.462483868110565
0.2550753094001371	0.24594246786472887	0.25	0.25	14.474881041792727
0.2550768049307562	0.245941367101221	0.25	0.25	14.486014129455967
0.25507847166431236	0.24594014032628733	0.25	0.25	14.498421692735233
0.2550804182488204	0.24593952794558327	0.25	0.25	14.512123600144905
