0.25	0.25	0.25	0.25	1.0293284284658573E-4
0.25	0.25	0.25	0.25	0.007158904520562873
0.25	0.25	0.25	0.25	0.035911611183692245
0.25	0.25	0.25	0.25	0.03708554123141688
0.25	0.25	0.25	0.25	0.04969585948943241
0.25	0.25	0.25	0.25	0.053021778105730326
0.25	0.25	0.25	0.25	0.05307598588914711
0.25	0.25	0.25	0.25	0.053401987898531615
0.25	0.25	0.25	0.25	0.09912752697169738
0.25	0.25	0.25	0.25	0.12983792546583653
0.25	0.25	0.25	0.25	0.13633815177087408
0.25	0.25	0.25	0.25	0.14550688662629863
0.2500025825414163	0.25000268154282257	0.25	0.25	0.17124885349237404
0.25000462820962505	0.25000543365911065	0.25	0.25	0.1919298694517948
0.2500055197042555	0.25000663302119813	0.25	0.25	0.20094257962695508
0.25000745038479466	0.2500092304401422	0.25	0.25	0.22046110901081947
0.25000917518039123	0.25001155087413757	0.25	0.25	0.2378982110325155
0.25001089764956996	0.2500138681783134	0.25	0.25	0.2553117937546458
0.2500120615706216	0.25001543404616555	0.25	0.25	0.267078643208517
0.25001297772507086	0.25001666658405775	0.25	0.25	0.2763406558385838
0.25001318314005844	0.2500169429367579	0.25	0.25	0.27841733211415887
0.2500150717105712	0.2500194837034605	0.25	0.25	0.29751014332735864
0.2500153818110625	0.2500199008936037	0.25	0.25	0.30064515475385073
0.25001620063197744	0.25002100248494064	0.25	0.25	0.30892315816476024
0.25001637892062384	0.25002124234352846	0.25	0.25	0.3107255962756109
0.2500176094768176	0.2500228978582057	0.25	0.25	0.32316610455237627
0.2500179933304673	0.25002341427131564	0.25	0.25	0.32704673554719255
0.2500180063000389	0.25002343171978014	0.25	0.25	0.32717785354336054
0.2500190216657334	0.2500247977303845	0.25	0.25	0.3374428584169377
0.2500195640477831	0.2500255274178611	0.25	0.25	0.3429261580923379
0.2500205754202076	0.25002688805616546	0.25	0.25	0.353150792352757
0.25002204395893873	0.25002886373792277	0.25	0.25	0.36799722385354117
0.250022269676574	0.25002916740455733	0.25	0.25	0.3702791530523017
0.2500234596632172	0.2500297317542363	0.25	0.25	0.3765936119812365
0.25002430223536376	0.25003013134302426	0.25	0.25	0.3810645757895514
0.2500249375446128	0.25003043263764196	0.25	0.25	0.3844357347711982
0.25002504257860836	0.25003048244988313	0.25	0.25	0.38499307955739165
0.25002666342357005	0.25003125113358143	0.25	0.25	0.3935938138590924
0.25003609434303314	0.25003572373535543	0.25	0.25	0.4436373617859603
0.25003657164392895	0.250035950094709	0.25	0.25	0.4461700766870852
0.2500377623194724	0.2500362906135245	0.25	0.25	0.4560307868173106
0.25003914498098473	0.2500371610109385	0.25	0.25	0.47044525041863705
0.2500414654147983	0.25003862174414954	0.25	0.25	0.4946361376658332
0.25004173120116224	0.2500387890589708	0.25	0.25	0.49740700228785095
0.25004257033603045	0.2500393173016483	0.25	0.25	0.5061551151894801
0.25004310607748614	0.2500396545555412	0.25	0.25	0.5117403040765748
0.25004410807930016	0.2500402853243736	0.25	0.25	0.5221863304886879
0.2500444893506277	0.2500405253379811	0.25	0.25	0.5261611440084202
0.25004626316841233	0.25004164197166107	0.25	0.25	0.5446534732333583
0.25004747507402336	0.2500424048767542	0.25	0.25	0.5572877797233323
0.25004854441007707	0.2500430780330745	0.25	0.25	0.5684357761682144
0.2500488954097629	0.250043298990421	0.25	0.25	0.5720950030652846
0.25004971464080766	0.250043814703469	0.25	0.25	0.5806356154790191
0.2500551441339814	0.2500472326165125	0.25	0.25	0.6372389352568743
0.2500554300226046	0.25004741258588037	0.25	0.25	0.6402193690917166
0.2500554603093856	0.2500474316516717	0.25	0.25	0.6405351135442119
0.25005882350286096	0.25004954881113384	0.25	0.25	0.6755969341729698
0.25006701794213887	0.2500547072817307	0.25	0.25	0.761025251698969
0.2500685531568368	0.25005567371269816	0.25	0.25	0.7770301062396343
0.25006926542036867	0.25005612208876904	0.25	0.25	0.7844555655177264
0.2500694487668054	0.25005623750694117	0.25	0.25	0.7863669809403769
0.2500722972163709	0.2500580306306476	0.25	0.25	0.8160625153978314
0.25007319732283395	0.2500585972554728	0.25	0.25	0.8254462667592523
0.2500735226895626	0.25005880207665043	0.25	0.25	0.828838266048627
0.2500736907006987	0.2500589078411178	0.25	0.25	0.830589808551243
0.2500741157307385	0.2500591754012142	0.25	0.25	0.835020813525325
0.2500765984306859	0.25006073828236386	0.25	0.25	0.8609033507232938
0.25007718531323925	0.2500611077300213	0.25	0.25	0.8670216935918992
0.2500799082200758	0.25006282182349104	0.25	0.25	0.8954084253664626
0.2500817993860058	0.2500640123288463	0.25	0.25	0.9151241274519898
0.250082229268527	0.2500642829436218	0.25	0.25	0.9196057203077419
0.2500825195597097	0.2500644656844391	0.25	0.25	0.9226320515173813
0.25008446054967515	0.25006568755445674	0.25	0.25	0.942867177003776
0.25008479837046355	0.250065900215573	0.25	0.25	0.9463890118237036
0.250085565605203	0.2500663831964958	0.25	0.25	0.9543875545813717
0.2500858772573975	0.25006657938425525	0.25	0.25	0.9576365776965864
0.2500873896543365	0.2500675314512456	0.25	0.25	0.973403553514174
0.25008790772447764	0.2500678575808927	0.25	0.25	0.9788045161690816
0.2500888666691464	0.25006846124487875	0.25	0.25	0.988801665074133
0.2500903444670381	0.2500693915314687	0.25	0.25	1.0042079403843194
0.2500915907905022	0.25007017610289883	0.25	0.25	1.0172010584024547
0.2500916432122803	0.25007020910286276	0.25	0.25	1.0177475636787592
0.25009257934257184	0.25007079840500046	0.25	0.25	1.02750686911517
0.2500926937637116	0.25007087043410037	0.25	0.25	1.0286997274831087
0.2500929544492882	0.2500710345379318	0.25	0.25	1.0314174155950284
0.25009424014910203	0.2500718438971156	0.25	0.25	1.0448210382486756
0.25009454648197155	0.25007203673631384	0.25	0.25	1.0480146065648437
0.2500945807007276	0.25007205827731754	0.25	0.25	1.0483713424751693
0.25009582698006527	0.25007284282096975	0.25	0.25	1.061364000468307
0.2500974336030013	0.2500738542040424	0.25	0.25	1.078113297115203
0.25009773890047615	0.2500740463914507	0.25	0.25	1.0812960712791464
0.2500983677386083	0.2500744422505089	0.25	0.25	1.0878518076515162
0.2500990960719451	0.2500750003822512	0.25	0.25	1.0959375675731395
0.2501005221144234	0.25007609317799856	0.25	0.25	1.11176910587518
0.25010134527600564	0.25007672397791514	0.25	0.25	1.120907623356838
0.25010275892970707	0.2500778072799742	0.25	0.25	1.1366016248049011
0.25010284473664574	0.2500778730349984	0.25	0.25	1.1375542302543038
0.25010411146803957	0.2500788437484948	0.25	0.25	1.151617139939281
0.2501043768541441	0.25007904711747636	0.25	0.25	1.1545633847692276
0.25010440226058767	0.25007906658677964	0.25	0.25	1.154845440241359
0.2501046838478732	0.2500792823709465	0.25	0.25	1.1579715462053213
0.25010481653419503	0.25007938405027963	0.25	0.25	1.1594445939007836
0.25010487980248125	0.25007943253362785	0.25	0.25	1.16014698132017
0.2501050790544026	0.25007958522308527	0.25	0.25	1.1623590223162914
0.2501058921890752	0.25008020833924466	0.25	0.25	1.1713862237564325
0.2501059395892881	0.25008024466267254	0.25	0.25	1.1719124481134442
0.2501092409930711	0.2500827745732951	0.25	0.25	1.2085637409281031
0.25011230100216536	0.2500868988546919	0.25	0.25	1.2273567556226128
0.2501141574506502	0.25008940097665106	0.25	0.25	1.238758115089287
0.25011423989614157	0.250089512096715	0.25	0.25	1.2392644532349775
0.2501175536718625	0.25009397840486564	0.25	0.25	1.259615973083054
0.25012655512826737	0.25010337631818746	0.25	0.25	1.3002194232572675
0.2501337562123235	0.2501108945642066	0.25	0.25	1.3327018177189043
0.2501357861019453	0.2501130138575588	0.25	0.25	1.3418581718035223
0.2501369460215611	0.25011422486425805	0.25	0.25	1.3470902960518076
0.2501371709580071	0.25011445970772417	0.25	0.25	1.34810493139149
0.2501384079771253	0.25011575120966867	0.25	0.25	1.353684833339661
0.25013900257384364	0.25011637199459164	0.25	0.25	1.3563669191202914
0.2501468886025755	0.2501246053527441	0.25	0.25	1.391938937723164
0.25014909417231757	0.2501269080638087	0.25	0.25	1.401887743460802
0.2501529581661362	0.250130942241985	0.25	0.25	1.4193173096811966
0.2501532174931452	0.25013121299069974	0.25	0.25	1.4204870727522063
0.25015690032250604	0.25013505802527586	0.25	0.25	1.4370994487642548
0.25015701262806384	0.2501351752771794	0.25	0.25	1.437606032689694
0.25016097304975693	0.25013931013026486	0.25	0.25	1.4554705623448054
0.2501624639288872	0.2501408666731407	0.25	0.25	1.4621955670282587
0.250163564830378	0.2501420160623419	0.25	0.25	1.4671614744124404
0.2501696171966762	0.25014833499689026	0.25	0.25	1.494462273568939
0.2501814298557746	0.2501606679285086	0.25	0.25	1.5477463971099426
0.2501823709441111	0.25016165046580224	0.25	0.25	1.5519914249879874
0.25018360091986513	0.2501629346141671	0.25	0.25	1.5575395559788596
0.25018505839377186	0.2501644562805318	0.25	0.25	1.564113877565399
0.2501863119661765	0.2501657650648298	0.25	0.25	1.5697684474909215
0.25018986912965324	0.25016947889873864	0.25	0.25	1.5858139742914343
0.25019034268674134	0.2501699733130053	0.25	0.25	1.5879500788023357
0.2501922778135543	0.25017199366984944	0.25	0.25	1.5966789801707513
0.2501923537981839	0.2501720730011188	0.25	0.25	1.5970217289420323
0.2502018600470079	0.250181997939756	0.25	0.25	1.6399021788501345
0.25020414367100235	0.2501843821428665	0.25	0.25	1.650203068940089
0.2502061745321962	0.2501865024505822	0.25	0.25	1.6593638055570203
0.2502088083786416	0.2501892523012157	0.25	0.25	1.6712444666525985
0.2502128436303988	0.25019346528015374	0.25	0.25	1.6894465371058387
0.2502150755482212	0.25019579549976406	0.25	0.25	1.6995141928293622
0.25021558103036035	0.2501963232451772	0.25	0.25	1.701794303727899
0.2502163060705538	0.25019816369645215	0.25	0.25	1.7093076526602455
0.25021987995800093	0.2502072356979333	0.25	0.25	1.746342652483703
0.2502208120936789	0.2502096018430277	0.25	0.25	1.7560020626299804
0.25022420141036095	0.25021820532772443	0.25	0.25	1.791124417370183
0.2502265349292521	0.25022412876184214	0.25	0.25	1.8153058928647916
0.2502266320804168	0.2502243753715977	0.25	0.25	1.81631263787835
0.250227322201145	0.2502261271828568	0.25	0.25	1.8234641280766584
0.2502278371499707	0.2502274343355242	0.25	0.25	1.8288003704600055
0.2502280003886488	0.2502278487026667	0.25	0.25	1.8304919582624968
0.25022814333915977	0.25022821157006714	0.25	0.25	1.8319733065778856
0.2502288343520037	0.2502299656458842	0.25	0.25	1.8391340414729818
0.25023034613275397	0.2502338031694235	0.25	0.25	1.854800119559098
0.25023383674483685	0.25024266378365784	0.25	0.25	1.8909721646458424
0.25023403946423795	0.25024317836917126	0.25	0.25	1.893072877971108
0.2502356563180904	0.25024728261161355	0.25	0.25	1.9098277934592778
0.2502360632210774	0.25024831549934573	0.25	0.25	1.9140443929668496
0.2502394263350968	0.25025685247086954	0.25	0.25	1.9488952182818153
0.25024235648444176	0.2502642903993411	0.25	0.25	1.9792593755412016
0.2502435891943516	0.2502674195258996	0.25	0.25	1.9920335358829173
0.2502440668430836	0.2502686319955334	0.25	0.25	1.996983249875742
0.2502441140880962	0.25026875192287606	0.25	0.25	1.9974728341338486
0.25024536758002874	0.25027193380278606	0.25	0.25	2.010462351623403
0.25024574599194777	0.25027289436842803	0.25	0.25	2.0143837077271103
0.2502459332524737	0.2502733697129356	0.25	0.25	2.016324225901718
0.2502463440251789	0.25027441242361	0.25	0.25	2.0205809260049774
0.2502504846385577	0.2502849230094247	0.25	0.25	2.063488717036634
0.2502506219684861	0.25028527160946656	0.25	0.25	2.0649118211351882
0.25025125119487107	0.25028686884574813	0.25	0.25	2.0714322836294694
0.25025520618848573	0.25029690825198603	0.25	0.25	2.1124165591524218
0.2502563132406067	0.25029971840721044	0.25	0.25	2.123888569872094
0.2502568564958952	0.25030109741336404	0.25	0.25	2.1295181426582617
0.25025881774552416	0.25030607587443826	0.25	0.25	2.149841916346746
0.25026043296123834	0.2503101759586094	0.25	0.25	2.1665798563558236
0.25026052952105904	0.2503104210672899	0.25	0.25	2.167580473469735
0.25026107493010713	0.25031180554057425	0.25	0.25	2.173232364945799
0.25026100258910094	0.250316532462333	0.25	0.25	2.195345747599934
0.2502609765582699	0.25031823337455816	0.25	0.25	2.203302918210422
0.2502609183292789	0.2503220381859534	0.25	0.25	2.221102504199849
0.2502609120244503	0.2503224501574368	0.25	0.25	2.2230297802414443
0.2502608840916161	0.25032427535076235	0.25	0.25	2.231568359994858
0.2502607971908464	0.25032995363975974	0.25	0.25	2.2581324081914094
0.2502607851532499	0.25033074020300505	0.25	0.25	2.2618120912734017
0.25026066247477585	0.25033875628653757	0.25	0.25	2.2993127590631306
0.25026065667106473	0.2503391355138924	0.25	0.25	2.3010868522339467
0.25026061709172887	0.25034172171546343	0.25	0.25	2.313185564224317
0.25025975036192016	0.250347863141714	0.25	0.25	2.326917389490824
0.2502553736853418	0.25037887515509893	0.25	0.25	2.3962582122231586
0.2502551799840788	0.25038024767281924	0.25	0.25	2.3993270715958124
0.2502518880369508	0.2504035735701224	0.25	0.25	2.4514822441700836
0.2502512228851111	0.25040828666632364	0.25	0.25	2.462020417366204
0.25025071432682944	0.25041189018053256	0.25	0.25	2.4700776381881417
0.25025058998557786	0.2504127712309115	0.25	0.25	2.4720476089018972
0.250248822053629	0.25042529834555644	0.25	0.25	2.5000574135269487
0.2502480590287362	0.25043070494523684	0.25	0.25	2.5121462149010862
0.25024746968502537	0.2504348808843818	0.25	0.25	2.5214833402401715
0.2502474588845535	0.25043495741376914	0.25	0.25	2.521654454918059
0.2502467595702684	0.25043991257634113	0.25	0.25	2.532733872602047
0.25024519922934046	0.2504509687539851	0.25	0.25	2.557454758814404
0.25024512168512686	0.25045151821249484	0.25	0.25	2.5586833119125467
0.2502426906455853	0.25047039458457865	0.25	0.25	2.5951600041903737
0.25024176974712964	0.2504775451148777	0.25	0.25	2.608977685479094
0.2502407593111774	0.25048539087989913	0.25	0.25	2.6241388380088386
0.250240202948555	0.25048971088691446	0.25	0.25	2.632486817474178
0.25023813409999773	0.2505057749428395	0.25	0.25	2.6635289913680804
0.25023789932821944	0.25050759788293014	0.25	0.25	2.6670516399169095
0.2502377668831192	0.25050862628372333	0.25	0.25	2.669038921111901
0.25023522405741017	0.2505283706455108	0.25	0.25	2.707192916272991
0.2502337000660051	0.2505402040313206	0.25	0.25	2.7300597452840334
0.25023249329205005	0.25054957430844166	0.25	0.25	2.748166864257212
0.2502323395277675	0.25055076824698563	0.25	0.25	2.7504740305217124
0.25023157243274907	0.25055672453471556	0.25	0.25	2.7619839580479044
0.2502311527190411	0.2505599834994444	0.25	0.25	2.768281579912473
0.2502311049936675	0.25056035407421073	0.25	0.25	2.768997678411538
0.2502308393138265	0.25056241700714466	0.25	0.25	2.7729840890144866
0.25023026332594417	0.2505668893990564	0.25	0.25	2.78162653697998
0.25023013799303945	0.25056786257555275	0.25	0.25	2.783507102770446
0.250229798907146	0.2505704954868583	0.25	0.25	2.788594939302792
0.25022978203538065	0.25057062649160505	0.25	0.25	2.7888480928120147
0.25022786889953325	0.25058548147996895	0.25	0.25	2.8175538651359933
0.2502272422453824	0.25059034728190965	0.25	0.25	2.8269565384510003
0.2502267540759853	0.2505941377867623	0.25	0.25	2.834281308193579
0.25022599393980893	0.250600040040944	0.25	0.25	2.845686821317285
0.2502256280104431	0.25060288138463577	0.25	0.25	2.8511774324919243
0.2502255336524514	0.25060361404921416	0.25	0.25	2.852593233168613
0.2502252203519584	0.2506060467437793	0.25	0.25	2.8572941709687187
0.2502245753898727	0.25061105470193934	0.25	0.25	2.8669715468931445
0.2502218662760196	0.2506258936560723	0.25	0.25	2.8928283686111684
0.2502218296638427	0.2506260941963387	0.25	0.25	2.893177809270503
0.2502205872284081	0.250632899536914	0.25	0.25	2.9050360896053715
0.2502204655279822	0.2506335661412489	0.25	0.25	2.9061976451496028
0.2502165271779103	0.25065513813831	0.25	0.25	2.9437867688244577
0.2502147706211132	0.2506647595374678	0.25	0.25	2.960552020638851
0.25021063863297227	0.25068739217154173	0.25	0.25	2.9999893003160034
0.25020771858505997	0.2507033865000884	0.25	0.25	3.0278593576006876
0.250203050024399	0.25072895816716173	0.25	0.25	3.0724178912158266
0.2502027084340211	0.2507308292010958	0.25	0.25	3.0756781608027586
0.25019848771727626	0.2507539478389904	0.25	0.25	3.1159623003079986
0.2501980239565166	0.25075648805140494	0.25	0.25	3.1203886108781242
0.25019537514510654	0.2507709967037364	0.25	0.25	3.14566988295041
0.2501949473897872	0.25077333969923543	0.25	0.25	3.149752543787587
0.25019486458759327	0.2507737932416204	0.25	0.25	3.150542839686111
0.25019180177356937	0.250790569560108	0.25	0.25	3.1797755114991215
0.2501916297651592	0.250791553993122	0.25	0.25	3.1814950167529896
0.2501910469355081	0.25079488962508034	0.25	0.25	3.1873213519080656
0.25018792226244463	0.25081277265369856	0.25	0.25	3.218557567299454
0.2501834587843607	0.2508383178882531	0.25	0.25	3.2631773275092617
0.25018341581491294	0.25083856380961783	0.25	0.25	3.263606877384812
0.2501757867646272	0.25088222614542705	0.25	0.25	3.3398717067346917
0.2501743795768422	0.2508902797174073	0.25	0.25	3.353938849074787
0.250173542477709	0.25089507057630706	0.25	0.25	3.362307023375562
0.25017106978540693	0.2509092222095514	0.25	0.25	3.3870256252185276
0.25017087082827083	0.25091036087464885	0.25	0.25	3.3890145270427956
0.25016354066248814	0.2509523126442604	0.25	0.25	3.462291517177454
0.25016205098905764	0.25096083829544014	0.25	0.25	3.4771832383891503
0.25016082551182645	0.25096785190740895	0.25	0.25	3.48943388668854
0.2501593344740065	0.2509763853672185	0.25	0.25	3.5043392472030193
0.25015820767866964	0.2509828342061361	0.25	0.25	3.5156034086465158
0.2501575667945418	0.2509865020936131	0.25	0.25	3.5220100932025207
0.25015481915455384	0.2510022272986313	0.25	0.25	3.5494772466421316
0.25015310002551	0.25101206616281496	0.25	0.25	3.566662751816241
0.2501516813434802	0.25102018551828803	0.25	0.25	3.580844797923247
0.25015078182514366	0.2510253336127697	0.25	0.25	3.5898369542026294
0.2501491900736946	0.25103444347358983	0.25	0.25	3.605749112083641
0.25014656201075436	0.2510494843190855	0.25	0.25	3.632020897450731
0.2501456553438217	0.2510546733261829	0.25	0.25	3.6410845156342964
0.25014415638884463	0.25106325209721214	0.25	0.25	3.65606902107704
0.25014422873634873	0.25106688073843547	0.25	0.25	3.661764491158094
0.25014468471733936	0.25108975079374485	0.25	0.25	3.6976610451984073
0.25014478637593834	0.251094849554065	0.25	0.25	3.7056639959082203
0.2501448828348193	0.25109968751877787	0.25	0.25	3.713257605080192
0.2501448861888337	0.25109985574178806	0.25	0.25	3.7135216458223455
0.25014520158530124	0.2511156746789937	0.25	0.25	3.738350852686168
0.25014569796227565	0.25114057082399044	0.25	0.25	3.7774275318713717
0.2501457411168002	0.2511427352702812	0.25	0.25	3.7808248198181174
0.2501458146814886	0.2511464249602621	0.25	0.25	3.786616111268884
0.25014598718201064	0.2511550768483026	0.25	0.25	3.8001960070056735
0.2501459941247395	0.25115542506587274	0.25	0.25	3.8007425649677873
0.2501464888529543	0.2511802385161469	0.25	0.25	3.8396894475461307
0.2501491692851803	0.2512055129407723	0.25	0.25	3.884363229897728
0.2501499548326653	0.2512129200523967	0.25	0.25	3.897455662167355
0.2501500907431929	0.2512142015846631	0.25	0.25	3.8997208331611426
0.25015046577198924	0.25121773781921275	0.25	0.25	3.905971300776393
0.25015064686180766	0.25121944535761687	0.25	0.25	3.908989458465584
0.25015251955336043	0.2512371034058371	0.25	0.25	3.9402009228069312
0.2501531877058594	0.251243403572583	0.25	0.25	3.9513367758345006
0.2501536884595789	0.2512481252969437	0.25	0.25	3.9596826547037502
0.2501539390941472	0.2512504885891182	0.25	0.25	3.9638598892719736
0.2501542753000421	0.25125365875341743	0.25	0.25	3.969463309805691
0.2501548583382028	0.25125915635708895	0.25	0.25	3.9791805933251903
0.2501568232119519	0.2512776836128755	0.25	0.25	4.011928424575495
0.25015695799152216	0.2512789544810802	0.25	0.25	4.014174746318261
0.2501575192576057	0.2512842467907258	0.25	0.25	4.023529162600772
0.25015781875749116	0.2512870708454458	0.25	0.25	4.028520817516048
0.25015903675462225	0.2512985556262904	0.25	0.25	4.048820729676669
0.2501622028970266	0.25132840992619665	0.25	0.25	4.101589665707433
0.2501628410320832	0.251334427051432	0.25	0.25	4.1122252290141805
0.2501632030021462	0.25133784015211946	0.25	0.25	4.11825805150235
0.2501641309290645	0.25134658979284075	0.25	0.25	4.133723469648623
0.25016419072006196	0.2513471535761905	0.25	0.25	4.134719984308506
0.25016436960583555	0.2513488403321389	0.25	0.25	4.13770140799019
0.2501650932912189	0.25135566413148613	0.25	0.25	4.149762807265052
0.25016538915883824	0.2513584539367166	0.25	0.25	4.154693924531466
0.2501664672988776	0.251368619972215	0.25	0.25	4.172662889758779
0.25016687638330093	0.2513724773252654	0.25	0.25	4.179480950038386
0.2501677583470551	0.25138079356852333	0.25	0.25	4.194180316959404
0.2501698020968723	0.25140006456527025	0.25	0.25	4.228242746752764
0.25017187686048276	0.2514196279983538	0.25	0.25	4.2628220720817795
0.25017235218784345	0.2514241099716096	0.25	0.25	4.270744179140639
0.2501730348592241	0.2514305470402983	0.25	0.25	4.2821220130516044
0.25017403605056465	0.2514399875084537	0.25	0.25	4.298808502493891
0.250174121708915	0.2514407952011454	0.25	0.25	4.300236138851607
0.25017699257846776	0.2514678653040255	0.25	0.25	4.348083870391467
0.25018001367067283	0.25149635189155517	0.25	0.25	4.39843530786641
0.2501809458379646	0.2515051415157529	0.25	0.25	4.413971398763832
0.2501816088409053	0.2515113931261048	0.25	0.25	4.425021425988999
0.25018189141145714	0.2515140575501646	0.25	0.25	4.42973092590055
0.2501832991742021	0.2515273316755252	0.25	0.25	4.45319359205646
0.2501841307918714	0.25153517319373125	0.25	0.25	4.4670538592172315
0.2501848782770877	0.2515422214072894	0.25	0.25	4.479511921591778
0.25018556259265795	0.251548673979428	0.25	0.25	4.490917158609089
0.25018654086309594	0.2515578983210131	0.25	0.25	4.507221633762024
0.2501881813212003	0.2515733665855367	0.25	0.25	4.534562548260629
0.25018955285230815	0.2515862990742864	0.25	0.25	4.557421354988496
0.25018980595157314	0.251588685606665	0.25	0.25	4.561639667754653
0.2501900758085857	0.2515912301517787	0.25	0.25	4.5661372757627285
0.2501909238945667	0.2515992269535614	0.25	0.25	4.580272014244144
0.25019261361553335	0.251615159729177	0.25	0.25	4.608433974829056
0.2501931678313931	0.2516203855606075	0.25	0.25	4.61767088761322
0.2501935432472116	0.2516239254444798	0.25	0.25	4.6239278055848265
0.2501959660232412	0.25164677036835087	0.25	0.25	4.664307326463322
0.25019607335540056	0.25164778242847524	0.25	0.25	4.666096192259231
0.25019747395437164	0.2516609890049302	0.25	0.25	4.6894394624188305
0.2501980347564573	0.2516662769394307	0.25	0.25	4.698786145418155
0.2501982392355572	0.25166820502086	0.25	0.25	4.702194123696798
0.2501997879534226	0.25168280824513745	0.25	0.25	4.728006037228744
0.25020026458274636	0.2516873024949081	0.25	0.25	4.735949843628503
0.2502004531278304	0.25168908033076204	0.25	0.25	4.739092255500239
0.2502004891641197	0.25168942012539225	0.25	0.25	4.739692859137261
0.2502023312738797	0.25170678981071004	0.25	0.25	4.770394627937313
0.2502027223548925	0.2517104774053763	0.25	0.25	4.77691263196555
0.2502029471847719	0.2517125973790822	0.25	0.25	4.780659789233563
0.25020373326910433	0.25172000955276713	0.25	0.25	4.793761168942948
0.2502042713095518	0.2517250828624384	0.25	0.25	4.802728492053742
0.2502046021184879	0.251728202137546	0.25	0.25	4.808241963450907
0.2502053879356745	0.2517356117922502	0.25	0.25	4.821338890738491
0.25020599433178387	0.25174132964350243	0.25	0.25	4.8314454726349165
0.2502060563596158	0.2517419145184891	0.25	0.25	4.832479267795175
0.2502070426237193	0.2517512142342228	0.25	0.25	4.84891697044431
0.2502082679482555	0.25176276810689024	0.25	0.25	4.869339005782887
0.2502100528175956	0.25177959805885286	0.25	0.25	4.899086769465271
0.25021049002064555	0.2517837205490336	0.25	0.25	4.9063734725973704
0.25021055878536574	0.25178436894772094	0.25	0.25	4.907519549007194
0.2502111845052059	0.2517902690069665	0.25	0.25	4.917948192448339
0.2502124590327906	0.25180228682672706	0.25	0.25	4.939190276977749
0.250212950045	0.25180691669610267	0.25	0.25	4.947373797665827
0.25021460448393823	0.2518225167891909	0.25	0.25	4.974947725603533
0.2502157983339613	0.2518337738812855	0.25	0.25	4.99484518675654
0.25021592082132565	0.2518349288433952	0.25	0.25	4.996886638804444
0.25021599298871094	0.25183560932661075	0.25	0.25	4.99808942618798
0.2502177357688131	0.2518520424092698	0.25	0.25	5.0271357039551505
0.250218570884722	0.25185991691319776	0.25	0.25	5.041054274993669
0.2502204051048255	0.2518772122050929	0.25	0.25	5.071624549778627
0.2502208399434915	0.2518813124009424	0.25	0.25	5.07887184658929
0.2502209263432528	0.25188212708457236	0.25	0.25	5.080311839772486
0.2502216360108584	0.25188881870700247	0.25	0.25	5.092139609878118
0.2502223179058741	0.2518952484551639	0.25	0.25	5.103504504398834
0.2502234587716748	0.251906005946589	0.25	0.25	5.122518896920027
0.25022506130411853	0.25192111660115696	0.25	0.25	5.149227718322017
0.2502251948132589	0.2519223754901792	0.25	0.25	5.151452866273711
0.25022583364707257	0.25192839920415916	0.25	0.25	5.162100075508982
0.2502258971408687	0.2519289979020665	0.25	0.25	5.163158303358034
0.2502269025678859	0.2519384783094114	0.25	0.25	5.1799153872722385
0.25022700486873317	0.2519394429281132	0.25	0.25	5.181620398032131
0.25022739234592223	0.25194309654147956	0.25	0.25	5.188078338449979
0.25022863161213976	0.25195478187353226	0.25	0.25	5.208732734685087
0.25022947605466217	0.25196274432028837	0.25	0.25	5.222806748975866
0.25022951099877433	0.25196307381652405	0.25	0.25	5.223389149696578
0.25023146459939194	0.25198149477530807	0.25	0.25	5.255949095793143
0.25023450474180087	0.25201016099168194	0.25	0.25	5.3066180360404696
0.2502375080818576	0.25203848019003827	0.25	0.25	5.356673604960151
0.25023810376333944	0.2520440970105525	0.25	0.25	5.36660161008313
0.25023909395233934	0.25205755029141874	0.25	0.25	5.385846578118396
0.25024169406190055	0.2520928768848407	0.25	0.25	5.4363814006618565
0.25024174299602175	0.25209376537091555	0.25	0.25	5.43758075823931
0.25024185760092565	0.2520958462269459	0.25	0.25	5.44038968290148
0.2502431945658248	0.2521201212045225	0.25	0.25	5.473158208063139
0.2502434196497501	0.2521242080038423	0.25	0.25	5.478674933502704
0.2502443400476471	0.25214091946599465	0.25	0.25	5.501233552405729
0.2502453113144713	0.25215855454406844	0.25	0.25	5.52503895027957
0.25024562088361374	0.2521641753228902	0.25	0.25	5.532626377772267
0.2502457465005522	0.25216645612200966	0.25	0.25	5.535705203410664
0.2502461541347674	0.2521738574467862	0.25	0.25	5.545696170298524
0.2502468176790474	0.2521859052743157	0.25	0.25	5.561959400132606
0.25024701926464515	0.2521895654196709	0.25	0.25	5.566900190079306
0.2502457488473401	0.25220755947900614	0.25	0.25	5.594394386381752
0.2502442073283774	0.2522293933941857	0.25	0.25	5.627755727411774
0.2502435582163927	0.2522385873492115	0.25	0.25	5.641803719561019
0.25024275419283154	0.25224997545578776	0.25	0.25	5.659204286708589
0.250241746902012	0.2522642426187918	0.25	0.25	5.681003935859671
0.25024174040367847	0.2522643346605159	0.25	0.25	5.681144571898597
0.25024150129574185	0.25226772136060366	0.25	0.25	5.686319312922564
0.25024063434181065	0.25228000080643337	0.25	0.25	5.705081810468993
0.2502402161421663	0.25228592414295037	0.25	0.25	5.714132429561108
0.25023850069305875	0.2523102215867152	0.25	0.25	5.751257942824741
0.2502381309491234	0.25231545860158017	0.25	0.25	5.759259890137123
0.2502354734845494	0.25235309865499816	0.25	0.25	5.816772372352989
0.2502349948225192	0.2523598783744953	0.25	0.25	5.827131510069336
0.2502349332289351	0.2523607507796514	0.25	0.25	5.828464509931726
0.25023445463523475	0.2523675295313313	0.25	0.25	5.838822168862339
0.2502344259648985	0.2523679356150095	0.25	0.25	5.839442648330343
0.25023316249627153	0.2523858312539864	0.25	0.25	5.866786462298217
0.25023067465261817	0.2524210688142245	0.25	0.25	5.92062803191606
0.25023056109101466	0.2524226772890329	0.25	0.25	5.923085716494386
0.2502299305841074	0.2524316077236664	0.25	0.25	5.936731060121712
0.25022955794595353	0.25243688573194323	0.25	0.25	5.944795643712651
0.25022942356752714	0.25243878905407857	0.25	0.25	5.947703843104486
0.25022901909700845	0.25244451793267897	0.25	0.25	5.956457338349635
0.2502287065967026	0.2524489441546951	0.25	0.25	5.963220426918036
0.25022721495788913	0.25247007157259893	0.25	0.25	5.995502268629757
0.25022672830096065	0.2524769645310087	0.25	0.25	6.006034430833533
0.25022658061053465	0.25247905640293006	0.25	0.25	6.009230726687314
0.25022593097477425	0.252488257776662	0.25	0.25	6.023290054320152
0.25022554778229944	0.25249368527524907	0.25	0.25	6.03158305307069
0.25022537785063076	0.2524960921698318	0.25	0.25	6.03526069083458
0.2502234018205092	0.2525240804561325	0.25	0.25	6.078025662505654
0.25022305828347396	0.2525289462791737	0.25	0.25	6.085460443695156
0.2502220459468366	0.2525432849106193	0.25	0.25	6.107369293739926
0.25022167114471855	0.252548593569061	0.25	0.25	6.115480709545553
0.2502215336198186	0.25255054145752265	0.25	0.25	6.118457004484967
0.25022106055636695	0.252557241879332	0.25	0.25	6.128694978535331
0.2502203027857248	0.2525679748643457	0.25	0.25	6.1450945463804905
0.2502202984190803	0.25256803671304723	0.25	0.25	6.14518904869979
0.250218584404027	0.25259231384501585	0.25	0.25	6.182283526358761
0.25021837227841065	0.2525953183703101	0.25	0.25	6.186874319725356
0.2502177012301228	0.25260482302886594	0.25	0.25	6.201397054326505
0.2502172437924985	0.2526113021280731	0.25	0.25	6.211296856374775
0.2502170126516413	0.2526145759832721	0.25	0.25	6.216299174963934
0.2502165062729881	0.25262174827815154	0.25	0.25	6.227258152017442
0.2502163128271605	0.2526244882248492	0.25	0.25	6.2314446799686705
0.25021578674764305	0.2526319395607327	0.25	0.25	6.242830020412415
0.2502155778396868	0.25263489851142173	0.25	0.25	6.247351177622007
0.2502155078455729	0.25263588990081304	0.25	0.25	6.248865980592761
0.25021458603784935	0.252648946290085	0.25	0.25	6.268815616356213
0.2502145782140223	0.25264905710596186	0.25	0.25	6.268984938542783
0.2502101382768555	0.25271194391685836	0.25	0.25	6.365073447056105
0.25020462725018067	0.2527654755911796	0.25	0.25	6.430254839228986
0.25020217335209544	0.25278931167125446	0.25	0.25	6.459278196015805
0.2502016480233847	0.2527944144818767	0.25	0.25	6.4654914950498705
0.25019958589783214	0.25281444505694034	0.25	0.25	6.489881181814319
0.2501977542170517	0.2528322371934667	0.25	0.25	6.511545294570449
0.25019708081414577	0.25283877833129376	0.25	0.25	6.5195099337371945
0.2501967415984508	0.2528420733224415	0.25	0.25	6.523521990392065
0.25019468357877483	0.2528620640148369	0.25	0.25	6.547863115106585
0.2501946207475016	0.2528626743300206	0.25	0.25	6.5486062488463705
0.25019362580364285	0.25287233877437104	0.25	0.25	6.560373897538973
0.25019316674882325	0.25287679782974265	0.25	0.25	6.565803345442154
0.250192577067623	0.25288252573196984	0.25	0.25	6.572777770324871
0.2501912144633629	0.25289576146675813	0.25	0.25	6.5888939040134185
0.2501903778202884	0.2529038882473436	0.25	0.25	6.598789258103516
0.25018983011180496	0.25290920844517417	0.25	0.25	6.605267252779184
0.2501895284257892	0.2529121388896263	0.25	0.25	6.608835429031846
0.2501893130954321	0.2529186991631932	0.25	0.25	6.6158150934842075
0.2501888576358671	0.2529325752342926	0.25	0.25	6.6305782461490645
0.25018847202610023	0.2529443232553111	0.25	0.25	6.6430773048930165
0.25018798665153286	0.2529591107195014	0.25	0.25	6.658810114980542
0.2501824685149299	0.252979109291731	0.25	0.25	6.683789975300598
0.25018162217295703	0.2529821765646699	0.25	0.25	6.687621251288606
0.2501811151740726	0.2529840140062812	0.25	0.25	6.689916366873273
0.25017886646052995	0.25299216368858196	0.25	0.25	6.700095989857782
0.25017859880362986	0.2529931337181834	0.25	0.25	6.701307636552948
0.2501784623154767	0.2529947894208524	0.25	0.25	6.7033859858140294
0.25017804343527117	0.2529998707488525	0.25	0.25	6.709764410208523
0.25017686364356834	0.25301418249845214	0.25	0.25	6.727729480121891
0.25017649844131207	0.2530186126730603	0.25	0.25	6.733290533018333
0.25017529500799773	0.25303321121296624	0.25	0.25	6.751615601397805
0.25017436396018794	0.2530445055143982	0.25	0.25	6.765792967584632
0.2501739681221699	0.25304930732354985	0.25	0.25	6.7718205211355675
0.2501733553709414	0.25305674045104887	0.25	0.25	6.781151082312967
0.2501724985065253	0.2530671348528183	0.25	0.25	6.794198833965877
0.25017247267867254	0.253067448163855	0.25	0.25	6.794592123035157
0.25017187681342773	0.25307467645183035	0.25	0.25	6.8036655558762185
0.2501694001348861	0.25310472040199655	0.25	0.25	6.8413787412174845
0.25016707121471354	0.2531329719334039	0.25	0.25	6.876841962073769
0.2501667464387153	0.2531369117074775	0.25	0.25	6.8817874312619844
0.25016619638558873	0.25314358426043265	0.25	0.25	6.890163268157794
0.2501634653883558	0.2531767132852091	0.25	0.25	6.931749046481091
0.2501613251057593	0.25320267650271644	0.25	0.25	6.964339821944864
0.25016124972311843	0.2532035909501373	0.25	0.25	6.965487697802587
0.25016048143636166	0.2532129108391122	0.25	0.25	6.977186648783582
0.25016006941446073	0.25321790897078356	0.25	0.25	6.983460639555086
0.2501597801683944	0.25322141774039403	0.25	0.25	6.987865082975724
0.2501591957323199	0.25322850738404507	0.25	0.25	6.996764480143405
0.2501587979060187	0.25323333331254805	0.25	0.25	7.0028223099250715
0.2501582889607315	0.2532395071968809	0.25	0.25	7.0105721844532365
0.25015639725851774	0.25326245494972177	0.25	0.25	7.039377746014445
0.2501555658753243	0.25327254024533574	0.25	0.25	7.052037486847678
0.25015525632238406	0.2532762953524092	0.25	0.25	7.0567511496068684
0.2501549826947764	0.25327961465851645	0.25	0.25	7.060917765705417
0.2501546229205379	0.25328397898723715	0.25	0.25	7.0663961644187765
0.2501533167537802	0.2532998237601125	0.25	0.25	7.0862855881740785
0.25015329064493186	0.25330014047983423	0.25	0.25	7.086683156053831
0.25015234584081697	0.25331160165546446	0.25	0.25	7.101069993948955
0.25014903503906644	0.25335176413966676	0.25	0.25	7.151484643224712
0.2501480748039464	0.25336341250484945	0.25	0.25	7.166106454026153
0.2501469951027328	0.2533765100824763	0.25	0.25	7.182547413681306
0.25014650216412937	0.25338248979384687	0.25	0.25	7.190053549257972
0.2501464463405666	0.25338316697512403	0.25	0.25	7.1909035927068
0.2501462273175681	0.25338582388676667	0.25	0.25	7.194238726757429
0.250145842530059	0.25339049164503735	0.25	0.25	7.200098010633771
0.25014409654285436	0.2534116717665934	0.25	0.25	7.226684722613207
0.2501420118700472	0.2534369603960535	0.25	0.25	7.2584287098245746
0.2501411332221968	0.25344761904706037	0.25	0.25	7.271808164879102
0.250140925519499	0.25345013863504723	0.25	0.25	7.2749709210481734
0.250140401130192	0.25345649986681085	0.25	0.25	7.2829559666621355
0.2501401765090647	0.2534592246879133	0.25	0.25	7.286376345230557
0.25013975649053866	0.2534634197413443	0.25	0.25	7.291725615371604
0.25013738946458425	0.25348706108032143	0.25	0.25	7.321871574360144
0.25013695704027444	0.2534913800400145	0.25	0.25	7.327378842028281
0.25013507077034974	0.25349495507631503	0.25	0.25	7.332714687759254
0.25013385208700945	0.2534972648396863	0.25	0.25	7.336162076817187
0.2501328682963007	0.25349912941243374	0.25	0.25	7.33894500591166
0.25012586536424064	0.253512402028403	0.25	0.25	7.358754771549001
0.2501252762009541	0.2535135186661168	0.25	0.25	7.360421385836892
0.25011744142574305	0.2535283678695205	0.25	0.25	7.382584254106987
0.250104605410989	0.25355269589283214	0.25	0.25	7.418894536973482
0.2501036428896696	0.253554520153831	0.25	0.25	7.4216172996099115
0.25009244730974095	0.25357573907066067	0.25	0.25	7.453287150560575
0.25008590858360535	0.25358813187987	0.25	0.25	7.4717837790016235
0.2500828586467899	0.25359195212287655	0.25	0.25	7.4775577186001065
0.25007826114311343	0.2535977107934099	0.25	0.25	7.486261409901982
0.2500778612422329	0.25359821169511204	0.25	0.25	7.487018475923126
0.2500639089949939	0.2536156877866397	0.25	0.25	7.5134319519049315
0.2500570436606233	0.253624287061708	0.25	0.25	7.526428950983232
0.25004950761843475	0.25363372644167215	0.25	0.25	7.540695689949044
0.2500411451765433	0.25364420094068196	0.25	0.25	7.5565269144296145
0.25003634278563125	0.25365149498780604	0.25	0.25	7.566554695106892
0.25002935811297505	0.25366210356433244	0.25	0.25	7.581139256584943
0.24999989967691183	0.25370684611544514	0.25	0.25	7.642650853900957
0.24999974451799328	0.2537070817764907	0.25	0.25	7.642974838273282
0.2499768948531587	0.2537417866839263	0.25	0.25	7.690686786697689
0.24997399825724628	0.2537461861398371	0.25	0.25	7.696735113260865
0.24996800360824367	0.2537552910321955	0.25	0.25	7.709252425269849
0.24996693375380136	0.2537569159662879	0.25	0.25	7.711486367883119
0.24995523630627983	0.2537746824778059	0.25	0.25	7.735911584484034
0.24993889947389	0.25379949545690134	0.25	0.25	7.7700242119577405
0.2499354993824302	0.25380465964028165	0.25	0.25	7.777123877950311
0.24992363489419586	0.2538226798593493	0.25	0.25	7.801897889071076
0.24990652504661898	0.25384866692220953	0.25	0.25	7.837624634782522
0.24989505392109976	0.2538660896875852	0.25	0.25	7.861577272736028
0.2498909833037473	0.253872272290238	0.25	0.25	7.870077051029575
0.24988696233933105	0.2538794442261669	0.25	0.25	7.877986077016941
0.24987492198656236	0.25390091982994717	0.25	0.25	7.9016688190378
0.24985462004464484	0.2539371310995809	0.25	0.25	7.941601673348009
0.24985099049761572	0.2539437111532145	0.25	0.25	7.948367642136868
0.24985082152741525	0.2539440174815174	0.25	0.25	7.948682625547613
0.24983614650019625	0.2539706220317273	0.25	0.25	7.976038870098936
0.24983357162148748	0.2539752900632662	0.25	0.25	7.980838793846669
0.2498293012763189	0.2539830318282903	0.25	0.25	7.988799297429207
0.2498241489589189	0.25399237253239393	0.25	0.25	7.998403917079773
0.24981225700339227	0.2540139316152618	0.25	0.25	8.020572137875956
0.24980116457088483	0.2540340412323133	0.25	0.25	8.041249939137554
0.24978877830474033	0.25405649645741357	0.25	0.25	8.064339622084676
0.24978134227492782	0.254069977333841	0.25	0.25	8.078201391947593
0.24976441468374777	0.25410066558693667	0.25	0.25	8.109756721765802
0.2497628872723019	0.2541034346512728	0.25	0.25	8.11260402422192
0.24976217192088193	0.2541047315212878	0.25	0.25	8.11393753645958
0.24976060814057344	0.2541075665192141	0.25	0.25	8.116852635416814
0.24974721850597215	0.25413184076421047	0.25	0.25	8.141812733489523
0.24974201126622825	0.2541407411323558	0.25	0.25	8.152311271304457
0.24972951631370285	0.2541620978746807	0.25	0.25	8.177502877229161
0.24972530369759796	0.2541692982026918	0.25	0.25	8.185996111966215
0.2496961379838276	0.2542191491030814	0.25	0.25	8.244798349615603
0.24969255453720224	0.25422815370755647	0.25	0.25	8.255202213323402
0.2496910499889604	0.2542319343866757	0.25	0.25	8.259570386338448
0.24968536099935157	0.25424622986994816	0.25	0.25	8.276087298326724
0.24967854451960406	0.25426335854813314	0.25	0.25	8.295877666001912
0.24967405094691594	0.25430170621617776	0.25	0.25	8.338721688430063
0.24967215345779586	0.2543178991851014	0.25	0.25	8.35681332109297
0.24967198282099115	0.254319355381317	0.25	0.25	8.358440259744047
0.24966716521821974	0.25436046828738784	0.25	0.25	8.40437375086885
0.24966688820782942	0.25436283226439016	0.25	0.25	8.407014909741644
0.24966659820713138	0.2543653070992872	0.25	0.25	8.409779924858366
0.24966558521218354	0.25437395188967704	0.25	0.25	8.419438337279127
0.24966334860636102	0.2543930388442188	0.25	0.25	8.440763282188998
0.24966116780627756	0.2544116495585605	0.25	0.25	8.461556146613786
0.24965888682085619	0.25443111524384576	0.25	0.25	8.483304229338676
0.24965865999511103	0.25443305095046115	0.25	0.25	8.485466902113128
0.24965854977079316	0.2544339915929844	0.25	0.25	8.486517837187375
0.24965836745675657	0.2544355474414463	0.25	0.25	8.488256112545324
0.2496574695252231	0.2544432102929816	0.25	0.25	8.496817451468468
0.24965721033338042	0.25444542220840694	0.25	0.25	8.499288719186241
0.24965379972687163	0.25447452795906633	0.25	0.25	8.531807187651864
0.2496526823822743	0.25448406325818873	0.25	0.25	8.542460523051105
0.2496462738179299	0.2545387532599267	0.25	0.25	8.603563056282841
0.24964624823673373	0.25453897156711497	0.25	0.25	8.603806960503059
0.24964524877752237	0.2545475008449795	0.25	0.25	8.613336316282926
0.24964505692427597	0.2545491381000362	0.25	0.25	8.615165543350617
0.24964475791523347	0.25455168981118004	0.25	0.25	8.61801644863509
0.24964246530670073	0.25457125468685293	0.25	0.25	8.63987535205414
0.24964067332606382	0.2545865472576815	0.25	0.25	8.656961012824956
0.24963615147406407	0.25462513625834293	0.25	0.25	8.700074664687568
0.24963601200702393	0.25462632645512606	0.25	0.25	8.701404414846301
0.24963598888185154	0.2546265238028705	0.25	0.25	8.701624902078498
0.24963554019671647	0.2546303528337576	0.25	0.25	8.705902895854152
0.24963508963076547	0.2546341979153265	0.25	0.25	8.710198822291774
0.24963405933122942	0.2546429903812187	0.25	0.25	8.720022225515294
0.24963345927019207	0.25464811123784303	0.25	0.25	8.725743514637987
0.24963233417111141	0.2546577127128957	0.25	0.25	8.736470785251232
0.24963171520736185	0.25466299488324146	0.25	0.25	8.742372302509027
0.24963143877948304	0.25466535388915285	0.25	0.25	8.745007907418776
0.24962998599415182	0.2546777518035717	0.25	0.25	8.75885950649925
0.24962931959654824	0.25468343876934746	0.25	0.25	8.76521328240446
0.2496267932252641	0.254704998551304	0.25	0.25	8.789300999566743
0.24962634657043964	0.2547088102557378	0.25	0.25	8.79355963532165
0.24962624934768668	0.2547096399442988	0.25	0.25	8.794486606820238
0.24962574500004472	0.25471394399305797	0.25	0.25	8.799295315432047
0.24962139739810502	0.2547510459623696	0.25	0.25	8.840747578017215
0.24961993757352913	0.2547635039489483	0.25	0.25	8.854666292859724
0.24961919485159434	0.2547698422583919	0.25	0.25	8.861747784011708
0.2496177925040868	0.2547818097418254	0.25	0.25	8.875118483060145
0.24961509363964982	0.2548048415618739	0.25	0.25	8.90085083824718
0.24960959047240114	0.2548282845246239	0.25	0.25	8.928734386512453
0.24960929319797678	0.2548295508850563	0.25	0.25	8.930240621991928
0.24960306537827157	0.254856080797517	0.25	0.25	8.961795852551235
0.24960012628962266	0.2548686010322476	0.25	0.25	8.976687680564913
0.24959946794802645	0.25487140550407617	0.25	0.25	8.980023377781318
0.24959855706342593	0.2548752857847936	0.25	0.25	8.984638664501743
0.24959814269702496	0.25487705094577534	0.25	0.25	8.9867381837457
0.24959620757665435	0.25488529437228136	0.25	0.25	8.996543086961342
0.24959509222762535	0.2548900456517825	0.25	0.25	9.002194357780013
0.2495882838317006	0.2549190487630527	0.25	0.25	9.036691262525727
0.24958776914482703	0.25492124127959087	0.25	0.25	9.039299087371344
0.24958357625470687	0.25493910258789937	0.25	0.25	9.060543699565281
0.24958243947670683	0.2549439451527545	0.25	0.25	9.066303547085596
0.24958142491038976	0.25494826710760404	0.25	0.25	9.071444170219868
0.24958094045187731	0.2549503308542335	0.25	0.25	9.073898833453548
0.24957111068196067	0.2549922047278748	0.25	0.25	9.123704491090784
0.24956556482266898	0.2550158295546186	0.25	0.25	9.151804352178875
0.24955671077207692	0.25505354695785887	0.25	0.25	9.196666217332393
0.24955658611369624	0.25505407799056107	0.25	0.25	9.197297838690986
0.24954939934384368	0.25508469293834185	0.25	0.25	9.233711895360628
0.24954734237373163	0.25509345543301737	0.25	0.25	9.244134189070444
0.2495429480923748	0.25511217464860847	0.25	0.25	9.266399214058461
0.24953854451659013	0.25513093345756743	0.25	0.25	9.288711332223
0.24953695452482957	0.25513770666941643	0.25	0.25	9.296767531497675
0.249535325586122	0.25514464579151075	0.25	0.25	9.305021067874367
0.24953065751420073	0.2551645313285515	0.25	0.25	9.328673339891727
0.24952898183966132	0.2551716695407907	0.25	0.25	9.337163678234234
0.24952228333917212	0.25520020450808384	0.25	0.25	9.371103762781159
0.24952200783069728	0.2552013781476665	0.25	0.25	9.372499714150381
0.24951931865045834	0.2552128337966266	0.25	0.25	9.386125301670845
0.24950774219952188	0.2552621483632786	0.25	0.25	9.444781074581604
0.24950242463892527	0.2552848006595572	0.25	0.25	9.471724187674369
0.2494997770157837	0.2552960792792828	0.25	0.25	9.485139212935335
0.24949139526689038	0.25533178472274976	0.25	0.25	9.527608011220797
0.24949035124857014	0.2553362321402978	0.25	0.25	9.532897862302313
0.24948833993898964	0.2553448001255041	0.25	0.25	9.543088802397296
0.24948459216158958	0.25536076529647106	0.25	0.25	9.562078109336314
0.24948101553381385	0.2553760013865132	0.25	0.25	9.580200232234874
0.2494804812951326	0.25537827719187006	0.25	0.25	9.582907122536604
0.2494788749517551	0.25538512006003317	0.25	0.25	9.59104617248237
0.2494734238653518	0.2554083411633952	0.25	0.25	9.618665836569773
0.24947289316088248	0.25541060191334936	0.25	0.25	9.621354819661821
0.24946835921720162	0.255429916076997	0.25	0.25	9.644327488262434
0.2494665218130624	0.2554377432417635	0.25	0.25	9.653637281093372
0.24946039208301407	0.25546385530172777	0.25	0.25	9.684695509188664
0.24945770930348216	0.25547528368429206	0.25	0.25	9.698288665489898
0.2494568184827172	0.25547907849500134	0.25	0.25	9.702802292402055
0.24945103303371544	0.25550372395084736	0.25	0.25	9.732116111006363
0.2494480606063663	0.2555163862052319	0.25	0.25	9.74717686015502
0.2494428373590458	0.2555386367360327	0.25	0.25	9.77364210501877
0.24943615447820022	0.2555671051651476	0.25	0.25	9.807503047670272
0.24943208672376446	0.255584433407486	0.25	0.25	9.828113620094372
0.2494317675523168	0.2555857930471299	0.25	0.25	9.829730803811273
0.24943148330035209	0.2555870039331378	0.25	0.25	9.831171056854584
0.24943142805347676	0.2555872392795087	0.25	0.25	9.831450982730953
0.24942568397701792	0.2556117084923044	0.25	0.25	9.86055517417966
0.2494251411886321	0.25561402071857975	0.25	0.25	9.863305384280471
0.24942316977664108	0.25562241874389535	0.25	0.25	9.873294170540852
0.24942123416088396	0.25563066428070025	0.25	0.25	9.883101583789903
0.24941667976808063	0.25565006555564124	0.25	0.25	9.90617786437754
0.24941646225629183	0.25565099213492404	0.25	0.25	9.90727995707927
0.24941627536391664	0.2556517882784523	0.25	0.25	9.90822690677727
0.24941421557069066	0.2556605627993215	0.25	0.25	9.918663504692313
0.24941051376995851	0.25567633211410884	0.25	0.25	9.937419856211179
0.2494099554580464	0.2556787104691119	0.25	0.25	9.94024872119838
0.24940887034175047	0.25568333296008033	0.25	0.25	9.945746808253254
0.24940403113087484	0.25570394753259307	0.25	0.25	9.970266210248425
0.2494036183988392	0.25570570573133566	0.25	0.25	9.972357448460139
0.24939768369463422	0.25573098699998037	0.25	0.25	10.002427516052608
0.2493953645173698	0.2557408664718852	0.25	0.25	10.014178365748167
0.24939404935554474	0.2557464689346638	0.25	0.25	10.020842051689081
0.24939309302445145	0.25575054281306575	0.25	0.25	10.025687607528573
0.24938952348619436	0.25576574870244084	0.25	0.25	10.043773809124659
0.24938824939911813	0.2557711761907433	0.25	0.25	10.050229376778567
0.2493789311313058	0.2558108711146569	0.25	0.25	10.097443346217204
0.24937758501046098	0.2558166054598796	0.25	0.25	10.104263895884595
0.24937542119761355	0.2558258230943233	0.25	0.25	10.115227542316232
0.24937532374942925	0.2558265147130517	0.25	0.25	10.116124415011079
0.24937328356043065	0.25584099454077663	0.25	0.25	10.134901468869286
0.24937154620569596	0.2558533250637197	0.25	0.25	10.150891361691265
0.2493704556298285	0.25586106520480106	0.25	0.25	10.160928569917427
0.2493701787981115	0.2558629568599515	0.25	0.25	10.163604376174167
0.24936536312967303	0.25589586343620147	0.25	0.25	10.210151772827983
0.2493651135979087	0.2558975685444611	0.25	0.25	10.212563702586198
0.24936313717103958	0.2559110739263831	0.25	0.25	10.231667494014054
0.24935872198338288	0.2559412439248246	0.25	0.25	10.274343914490947
0.24935613714948823	0.2559589066926697	0.25	0.25	10.299328460274252
0.2493555504009866	0.2559629160808897	0.25	0.25	10.304999867180843
0.24935472414919505	0.25596856205048407	0.25	0.25	10.312986270391175
0.2493543239544178	0.25597129667395757	0.25	0.25	10.316854482099126
0.24935268310450343	0.2559825089809328	0.25	0.25	10.332714646226034
0.2493480663774909	0.2560140561444064	0.25	0.25	10.377339110356042
0.2493476493427939	0.2560169058389464	0.25	0.25	10.381370093740191
0.24934762309732939	0.2560170851802758	0.25	0.25	10.381623777743476
0.24934719055560328	0.2560200408379324	0.25	0.25	10.385804649319695
0.2493425735653238	0.25605158980037007	0.25	0.25	10.430431658141426
0.24934180617852322	0.25605683353186626	0.25	0.25	10.437849082793715
0.24934140023250084	0.25605960745492795	0.25	0.25	10.441772885016693
0.249340846142381	0.25606339368087166	0.25	0.25	10.447128621799656
0.24934056833731152	0.25606529198716454	0.25	0.25	10.449813836308534
0.24934017118397508	0.25606800582776956	0.25	0.25	10.453652649989307
0.24933929475176633	0.2560772730744659	0.25	0.25	10.46853256586311
0.2493389283373666	0.2560811474786716	0.25	0.25	10.474753486761244
0.24933838342399098	0.25608690930101174	0.25	0.25	10.484004932687968
0.24933813668262172	0.2560895183027306	0.25	0.25	10.48819406537897
0.2493378075615213	0.25609299837386457	0.25	0.25	10.493781827030862
0.24933369680372788	0.2561092799359786	0.25	0.25	10.517957746766719
0.24933224103448964	0.2561150458308494	0.25	0.25	10.526519321548344
0.24933187021279604	0.25611651455188356	0.25	0.25	10.528700173826978
0.24933173882776766	0.2561170349312413	0.25	0.25	10.529472866858404
0.24933134282739916	0.256118603377966	0.25	0.25	10.53180179831228
0.249327567794355	0.25613355522822817	0.25	0.25	10.554003275621964
0.2493177553246863	0.25617241967669047	0.25	0.25	10.611711730131567
0.24931557200465332	0.2561810671968117	0.25	0.25	10.624552129038086
0.24931552280028355	0.2561812620815612	0.25	0.25	10.624841506557825
0.24931202379317843	0.2561951206702649	0.25	0.25	10.645419638177286
0.24931188135204824	0.2561956848397503	0.25	0.25	10.64625735363122
0.24931104171010007	0.25619901042671495	0.25	0.25	10.651195400912496
0.2493108303746379	0.25619984746738417	0.25	0.25	10.65243829320332
0.2493084494846553	0.2562092775068286	0.25	0.25	10.666440627568866
0.24930613604739044	0.25621844038492014	0.25	0.25	10.680046263424904
0.2493039894846719	0.2562269423195974	0.25	0.25	10.69267048761899
0.24930362788238752	0.25622837452512964	0.25	0.25	10.694797119311296
0.24929926427554075	0.25624565755163903	0.25	0.25	10.720460078354035
0.24929709253681775	0.2562542592014299	0.25	0.25	10.733232366018083
0.24929546939209488	0.2562606880237916	0.25	0.25	10.742778298547355
0.24929517588371886	0.25626185052839423	0.25	0.25	10.744504460801913
0.24929284725607492	0.25627107357132956	0.25	0.25	10.758199433321348
0.24928851758421694	0.2562882221908377	0.25	0.25	10.783662816128592
0.24928129436254354	0.25631683135203115	0.25	0.25	10.826143554762833
0.24927742824270535	0.2563321439716136	0.25	0.25	10.848880725765067
0.24927537871153468	0.25634026159146295	0.25	0.25	10.860934294369253
0.2492724642358096	0.2563518050148249	0.25	0.25	10.878074718286884
0.2492721769367466	0.25635294292607497	0.25	0.25	10.879764362735948
0.24927114327550567	0.256357036969204	0.25	0.25	10.885843463585687
0.24926835977094464	0.2563680616524091	0.25	0.25	10.902213628463873
0.24926818828338407	0.2563687408666828	0.25	0.25	10.9032221698833
0.2492674686826854	0.2563715910038257	0.25	0.25	10.907454238423183
0.249264506613921	0.2563833229299079	0.25	0.25	10.92487456340938
0.2492623144651033	0.25639200541837653	0.25	0.25	10.937766885586742
0.24926155964324637	0.2563949950566784	0.25	0.25	10.942206094497918
0.24925675245257342	0.2564140349946823	0.25	0.25	10.970477829711905
0.24925615153546146	0.2564164150593262	0.25	0.25	10.974011904108169
0.2492555399524301	0.2564188373686943	0.25	0.25	10.977608706211555
0.24925185725880464	0.25643342348834014	0.25	0.25	10.99926712297441
0.24924986180081563	0.2564413269394377	0.25	0.25	11.01100267992119
0.24924849053918785	0.25644675812329465	0.25	0.25	11.019067254074253
0.24924805707241096	0.2564484749639861	0.25	0.25	11.021616530517408
0.2492425408208424	0.2564703232939203	0.25	0.25	11.05405834827129
0.24924165780390584	0.2564738206770849	0.25	0.25	11.059251489696047
0.24922934302856511	0.25652259605858563	0.25	0.25	11.131676340578815
0.24922859174022932	0.25652557170159823	0.25	0.25	11.136094768376598
0.2492282292226266	0.2565270075324505	0.25	0.25	11.138226783179295
0.2492277718733007	0.25652819287263284	0.25	0.25	11.140948417953604
0.24922425078679225	0.2565373186876008	0.25	0.25	11.161902010627376
0.2492202130874723	0.25654778343954654	0.25	0.25	11.185929908461391
0.2492190422909354	0.2565508178644422	0.25	0.25	11.19289718793034
0.24921801921979264	0.25655346942041096	0.25	0.25	11.198985370072466
0.24921773005838463	0.2565542188576938	0.25	0.25	11.200706137326033
0.24921641036832634	0.2565576391790231	0.25	0.25	11.208559465516215
0.24921243682222136	0.2565679376611632	0.25	0.25	11.232205594730864
0.2492111128061094	0.25657136919459	0.25	0.25	11.240084666783467
0.24920761460909147	0.25658043568546746	0.25	0.25	11.260902046655055
0.24920540356605392	0.25658616618075597	0.25	0.25	11.274059716903164
0.24920479651544736	0.256587739510891	0.25	0.25	11.27767220728413
0.2492036962084206	0.25659059124381783	0.25	0.25	11.284220011548522
0.2492035600018132	0.2565909442588015	0.25	0.25	11.285030561861245
0.24920316461065745	0.25659196901820996	0.25	0.25	11.287383490482794
0.24919321145282622	0.25660283187272515	0.25	0.25	11.323520781415908
0.2491928694282154	0.2566032051576314	0.25	0.25	11.324762582568635
0.24919203818410746	0.2566041123756183	0.25	0.25	11.327780610683366
0.24919047214215592	0.25660582155035183	0.25	0.25	11.333466495964757
0.24918248579927205	0.2566145378273693	0.25	0.25	11.36246280057281
0.2491819472075541	0.25661512564518296	0.25	0.25	11.364418285046778
0.24918105994138853	0.2566160940055201	0.25	0.25	11.367639714476935
0.24917557748412592	0.2566220775472904	0.25	0.25	11.387545070795765
0.24917515924659353	0.2566225340108112	0.25	0.25	11.389063580965418
0.24916802359423368	0.2566303218460661	0.25	0.25	11.414971252650897
0.24916646187168257	0.2566320263066155	0.25	0.25	11.420641455328608
0.2491657906031903	0.2566330808218487	0.25	0.25	11.424384333792558
0.24916191137347363	0.2566391748168393	0.25	0.25	11.446014256141842
0.24916048280819802	0.25664141899165466	0.25	0.25	11.453979692127627
0.24915987242875134	0.256642377854512	0.25	0.25	11.457383063672971
0.24915592482618895	0.25664857925839807	0.25	0.25	11.4793942213323
0.24915549249234994	0.25664925842422265	0.25	0.25	11.481804840978413
0.24915491730533293	0.2566501620022668	0.25	0.25	11.485011985546512
0.2491546715689301	0.25665103222279534	0.25	0.25	11.488321256241127
0.2491545246252631	0.2566515525909381	0.25	0.25	11.490300109863535
0.2491498966141409	0.2566679416575906	0.25	0.25	11.552624378489789
0.24914882787936166	0.25667172634286217	0.25	0.25	11.567016762542586
0.2491487146978709	0.2566721271498064	0.25	0.25	11.568540949379555
0.24914798197376015	0.25667472192842117	0.25	0.25	11.578408361773503
0.24914689870451898	0.25667855808424006	0.25	0.25	11.592996477791111
0.24914671946777656	0.25667919281108936	0.25	0.25	11.595410214186174
0.2491466216179731	0.2566795393242909	0.25	0.25	11.596727933023594
0.2491458227578957	0.25668236830864477	0.25	0.25	11.607485981944093
0.24914538934898856	0.25668390312938727	0.25	0.25	11.61332259132987
0.24914499863230657	0.2566852867651596	0.25	0.25	11.618584275194104
0.24914375035048003	0.2566897072761558	0.25	0.25	11.635394574440197
0.24914204669975518	0.2566957403742934	0.25	0.25	11.658337212782424
0.24913747215260412	0.25671194011024556	0.25	0.25	11.719941495476697
0.24913711421982543	0.25671320764915423	0.25	0.25	11.7247616867122
0.2491353440528224	0.25671598662170736	0.25	0.25	11.736509304065944
0.24913364571919627	0.2567186528235543	0.25	0.25	11.74778020310784
0.2491305638373113	0.2567225483671086	0.25	0.25	11.761216085602342
0.24913032407650554	0.2567228514282564	0.25	0.25	11.762261355386562
0.24912767358761864	0.25672620168478294	0.25	0.25	11.77381652153713
0.24911962557689024	0.25673637448746917	0.25	0.25	11.808902916959669
0.24910559025526227	0.2567541153382679	0.25	0.25	11.870091807126526
0.2491004161711148	0.2567606554559306	0.25	0.25	11.892648929435857
0.24909676497425048	0.25676527062190424	0.25	0.25	11.908566817876949
0.24908785376523046	0.2567765345197935	0.25	0.25	11.947416443445423
0.2490862693809468	0.25677853720458615	0.25	0.25	11.9543237818367
0.2490820471415038	0.25678387417668985	0.25	0.25	11.97273120792809
0.24908108592055553	0.2567850891739575	0.25	0.25	11.976921781153932
0.24907821901055746	0.2567887129899182	0.25	0.25	11.989420464521489
0.24907258741411353	0.2567958314097819	0.25	0.25	12.013972173802191
0.24907218944503376	0.25679633444849054	0.25	0.25	12.01570717403639
0.24907200411132255	0.2567965687129987	0.25	0.25	12.016515161512531
0.24906361883389616	0.25680716782569957	0.25	0.25	12.053071916894577
0.24905976257139162	0.2568120421976269	0.25	0.25	12.069883816835258
0.24904803051419971	0.2568268716886582	0.25	0.25	12.121031312986398
0.2490438045854644	0.25683221332408107	0.25	0.25	12.139454823048542
0.24904358800642618	0.25683248708313733	0.25	0.25	12.140399028769924
0.24904265153847946	0.2568336707922507	0.25	0.25	12.144481687924802
0.24903990093109907	0.2568371476000101	0.25	0.25	12.156473334240575
0.24903843375777027	0.25683900212844996	0.25	0.25	12.162869675560787
0.24903077016099887	0.25684868902630004	0.25	0.25	12.196280166147185
0.2490298983762275	0.25684979097493843	0.25	0.25	12.200080830217296
0.24902670454010323	0.25685355966684886	0.25	0.25	12.215137141729562
0.24901908107867804	0.2568625552684655	0.25	0.25	12.25107549471749
0.24901730703006808	0.2568646486265418	0.25	0.25	12.259438675378624
0.2490172208127567	0.2568651083390516	0.25	0.25	12.260679316372357
0.24901637089004922	0.2568696401447267	0.25	0.25	12.272909446674142
0.24901632808311264	0.256869868392209	0.25	0.25	12.273525425524431
0.24901351055498377	0.25688489151119576	0.25	0.25	12.314068801811942
0.24901083885837832	0.2568991370534457	0.25	0.25	12.352513706652836
0.24900998131149368	0.256903709511393	0.25	0.25	12.364853546554338
0.2490091172414412	0.25690831675100795	0.25	0.25	12.377287252865202
0.24900861080869455	0.25691101706101865	0.25	0.25	12.384574666680747
0.24901016234907378	0.25691427530205796	0.25	0.25	12.406002293595199
0.24901030305855645	0.25691457079253777	0.25	0.25	12.407945569025536
0.24901079915211102	0.25691561259099854	0.25	0.25	12.414796894163176
0.24901088523259224	0.25691579336035547	0.25	0.25	12.415985713004611
0.24901099945642263	0.25691603323085893	0.25	0.25	12.41756320699406
0.24901171132920244	0.2569175281665609	0.25	0.25	12.427394562040021
0.24901255754966553	0.2569193052329383	0.25	0.25	12.439081332563887
0.24901326375371471	0.25692078826428316	0.25	0.25	12.448834399318699
0.24901339984525045	0.25692107405705583	0.25	0.25	12.450713898359295
0.24901564659959524	0.25692579225022016	0.25	0.25	12.481742812922693
0.24901573316728515	0.2569259740427173	0.25	0.25	12.482938360384333
0.24901764742030075	0.2569299939817524	0.25	0.25	12.509375248516708
0.24901782835197114	0.25693037393898827	0.25	0.25	12.511874014505587
0.24901841011433215	0.2569315956422872	0.25	0.25	12.51990847302903
0.24901871861167646	0.2569322434879515	0.25	0.25	12.524168991212449
0.24901935025116814	0.2569335699334256	0.25	0.25	12.532892280372893
0.2490221502027981	0.2569394498431147	0.25	0.25	12.571561154034525
0.24902264455315695	0.25694048798085733	0.25	0.25	12.578388404679037
0.249025282768154	0.25694794456265935	0.25	0.25	12.608335023473083
0.2490257053377098	0.2569491389021894	0.25	0.25	12.613131649000263
0.24902592623815337	0.25694976324942015	0.25	0.25	12.615639110061059
0.24903015769988646	0.25696172294208736	0.25	0.25	12.663670817713472
0.24903183605938362	0.2569664666134325	0.25	0.25	12.682722029277713
0.24903212929328708	0.25696729540206065	0.25	0.25	12.686050554031874
0.24903266347530617	0.2569688052001351	0.25	0.25	12.692114102798987
0.2490327111585903	0.2569689399709211	0.25	0.25	12.69265536010149
0.2490356960163889	0.2569773762948626	0.25	0.25	12.72653675291774
0.24903647466004028	0.25697957703289487	0.25	0.25	12.7353752079454
0.24903669693580077	0.25698020526728543	0.25	0.25	12.737898280353972
0.24903692140513392	0.25698083970153224	0.25	0.25	12.740446252205375
0.2490374541097781	0.2569823453239929	0.25	0.25	12.746493031155026
0.24903751954591016	0.2569825302709635	0.25	0.25	12.747235802651819
0.24904123914859533	0.2569930432586176	0.25	0.25	12.789457351616672
0.24904178001974614	0.2569945719626788	0.25	0.25	12.79559682932708
0.2490428300191127	0.25699753965340055	0.25	0.25	12.807515467800192
0.24904295551015235	0.2569978943379898	0.25	0.25	12.8089399280245
0.24904381583362883	0.25700032593374145	0.25	0.25	12.81870553818858
0.24904546552027487	0.25700498856489074	0.25	0.25	12.837431281607321
0.24904606184690306	0.25700667400686145	0.25	0.25	12.844200239494024
0.24904609674736722	0.2570067726486197	0.25	0.25	12.844596397842514
0.2490463337095333	0.2570074423922825	0.25	0.25	12.847286176978892
0.24904884534633856	0.25701454121679684	0.25	0.25	12.87579599518545
0.24904938398910334	0.2570160636226061	0.25	0.25	12.881910178283091
0.2490499598817264	0.25701769131043967	0.25	0.25	12.888447187915988
0.24905163485679327	0.25702242541611964	0.25	0.25	12.907459982503774
0.2490524889089461	0.25702483928676617	0.25	0.25	12.917154406301451
0.24905262017572555	0.25702521029575515	0.25	0.25	12.918644427474355
0.2490526592541534	0.2570253207460006	0.25	0.25	12.91908801026921
0.2490528331490169	0.25702581223789045	0.25	0.25	12.921061906708138
0.24905326644398038	0.257027036891432	0.25	0.25	12.925980277315132
0.24905365483156047	0.25702813461992086	0.25	0.25	12.930388900122058
0.2490545253893696	0.2570305951417223	0.25	0.25	12.94027068112809
0.24905693449532518	0.25703740417572724	0.25	0.25	12.967616662318639
0.24905713093274015	0.2570379593812944	0.25	0.25	12.969846441313036
0.24905877422161382	0.25704260392994743	0.25	0.25	12.988499563034939
0.24905886621550835	0.25704286393908266	0.25	0.25	12.989543794113173
0.24906053443049322	0.2570475789382438	0.25	0.25	13.00847985439426
0.2490620379756995	0.2570518285190536	0.25	0.25	13.025546733015744
0.24906497395366298	0.2570601266903088	0.25	0.25	13.058873286370329
0.249069780708579	0.2570737123765676	0.25	0.25	13.113435199355743
0.249071353329538	0.25707815719127664	0.25	0.25	13.131286163139883
0.24907807236533153	0.2570971476981462	0.25	0.25	13.207554550590011
0.24908211568544592	0.25710857563226763	0.25	0.25	13.25345064558716
0.24908329342168922	0.25711190435515385	0.25	0.25	13.266819236986281
0.2490833321840065	0.2571120139119526	0.25	0.25	13.267259231581125
0.2490846345987944	0.2571156950230133	0.25	0.25	13.282043060499
0.24908615265113637	0.25711998560641164	0.25	0.25	13.299274610939491
0.24908687098093268	0.2571220158749428	0.25	0.25	13.307428437903074
0.24908857403680768	0.2571268293474837	0.25	0.25	13.32675998030221
0.2490886095124799	0.257126929614995	0.25	0.25	13.327162667889796
0.24908870748490908	0.257127206521704	0.25	0.25	13.328274761859454
0.2490888202646298	0.25712752527935423	0.25	0.25	13.329554934744698
0.24908885675312056	0.2571276284094693	0.25	0.25	13.329969118927698
0.24909092379736356	0.2571276182138621	0.25	0.25	13.342823845101377
0.24909538597110334	0.25713432296191113	0.25	0.25	13.375781158005545
0.2490955456919792	0.257134562954411	0.25	0.25	13.376960845572615
0.249097083890595	0.2571368742122799	0.25	0.25	13.388321876327172
0.24909733107573453	0.25713724562634366	0.25	0.25	13.390147569019385
0.24909917178533877	0.2571400114294808	0.25	0.25	13.403742925437559
0.24910100856917775	0.25714277133386354	0.25	0.25	13.417309286419625
0.24910341169327363	0.25714638220662045	0.25	0.25	13.435058598166425
0.24910566339893875	0.25714976556191893	0.25	0.25	13.451689543642908
0.24910620051363577	0.25715057261671487	0.25	0.25	13.45565663640243
0.2491068646516528	0.2571515705335002	0.25	0.25	13.460561914797097
0.24910740721860108	0.2571523857807093	0.25	0.25	13.46456927751513
0.24910832627191692	0.25715376672669793	0.25	0.25	13.471357343034775
0.24910890111169917	0.2571546304662413	0.25	0.25	13.475603070717819
0.2491124843680079	0.25716001457545495	0.25	0.25	13.502068759027752
0.24911312241608607	0.25716097329016596	0.25	0.25	13.506781338901845
0.2491135057886342	0.2571615493359441	0.25	0.25	13.509612902566502
0.24912226220163097	0.25717470649798674	0.25	0.25	13.574287175663375
0.24912273111879563	0.25717541108091607	0.25	0.25	13.577750566069568
0.24912339273764927	0.257176405212471	0.25	0.25	13.582637238094211
0.24912365701927958	0.2571768023152842	0.25	0.25	13.584589204309012
0.24912524369546177	0.25717918641430354	0.25	0.25	13.59630828708418
0.24912729444676013	0.25718226782071407	0.25	0.25	13.611454997223596
0.2491302296011754	0.25718667810861123	0.25	0.25	13.633133848861252
0.24913233979474364	0.25718984883145507	0.25	0.25	13.648719595578596
0.24913291375378102	0.2571907112476138	0.25	0.25	13.652958818139748
0.24913297339643709	0.2571908008651422	0.25	0.25	13.653399334756392
0.24913838487272283	0.2571989320108988	0.25	0.25	13.693368131944277
0.24914001420803633	0.2572013802084369	0.25	0.25	13.70540229217292
0.24914111003123735	0.25720302676433043	0.25	0.25	13.713495968087308
0.24914284039296078	0.2572056267615663	0.25	0.25	13.726276302534602
0.2491462900226289	0.25721081008680996	0.25	0.25	13.751755033530946
0.24914775769506492	0.2572130153738463	0.25	0.25	13.762595162700194
0.2491480392796511	0.2572134384756381	0.25	0.25	13.764674927374731
0.24914935052733608	0.2572154087228473	0.25	0.25	13.774359713931483
0.24915127424147884	0.25721829924647943	0.25	0.25	13.788568136247143
0.24915229991192028	0.257219840392632	0.25	0.25	13.796143668632467
0.24915324637454114	0.2572212625231408	0.25	0.25	13.80313417742195
0.24915379919245037	0.25722209317318145	0.25	0.25	13.80721725304286
0.24915456974578454	0.2572232509868986	0.25	0.25	13.812908507759657
0.24915480619092467	0.2572236062633142	0.25	0.25	13.81465487554422
0.249155189953566	0.25722325833588644	0.25	0.25	13.824965118806249
0.2491558639794602	0.2572226472495785	0.25	0.25	13.843073632209528
0.2491559520866155	0.25722256736974497	0.25	0.25	13.845440736524292
0.24915628667495188	0.25722226402479503	0.25	0.25	13.854429853153073
0.24915641572714986	0.2572221470233091	0.25	0.25	13.857896995108689
0.24915720278734255	0.2572214334576859	0.25	0.25	13.879042310401227
0.24915798826496086	0.25722072132685847	0.25	0.25	13.9001451079368
0.24915835597458202	0.2572203879534425	0.25	0.25	13.910024067574495
0.24915993123772365	0.2572189597861487	0.25	0.25	13.95234539967646
0.24916283879725815	0.2572163237304181	0.25	0.25	14.03046047100297
0.2491634817009848	0.25721574086013366	0.25	0.25	14.047732850078
0.2491638014228983	0.257215450993401	0.25	0.25	14.05632256244045
0.24916389408342016	0.2572153669853878	0.25	0.25	14.058811998405188
0.24916443228817328	0.2572148790374346	0.25	0.25	14.07327151408485
0.24916453352000623	0.2572147872584873	0.25	0.25	14.07599122859367
0.2491646979063137	0.2572146382223411	0.25	0.25	14.080407663745637
0.24916485010770303	0.2572145002333026	0.25	0.25	14.084496736468745
0.2491656190982959	0.2572138030499655	0.25	0.25	14.10515659030747
0.249166312562743	0.2572131743402493	0.25	0.25	14.123787343729214
0.24916640042967858	0.2572130946782041	0.25	0.25	14.126147994253914
0.2491665053160271	0.2572129995859947	0.25	0.25	14.128965891703222
